2023-03-15,Biweekly Paycheck,2000.00,credit,Paycheck,Checking
2023-03-15,Power Company,60.00,debit,Utilities,Checking
2023-03-14,Credit Card Payment,305.27,debit,Credit Card Payment,Checking
2023-03-14,Credit Card Payment,301.79,debit,Credit Card Payment,Checking
2023-03-14,Brunch Restaurant,8.00,debit,Restaurants,Platinum Card
2023-03-13,Credit Card Payment,532.86,credit,Credit Card Payment,Platinum Card
2023-03-13,Credit Card Payment,301.79,credit,Credit Card Payment,Silver Card
2023-03-12,Phone Company,65.00,debit,Mobile Phone,Checking
2023-03-12,Bakery Place,3.02,debit,Restaurants,Platinum Card
2023-03-09,Spotify,10.69,debit,Music,Platinum Card
2023-03-08,BP,34.08,debit,Gas & Fuel,Platinum Card
2023-03-08,Amazon,27.17,debit,Shopping,Platinum Card
2023-03-08,Gas Company,49.00,debit,Utilities,Checking
2023-03-06,Credit Card Payment,491.86,debit,Credit Card Payment,Checking
2023-03-05,Fancy Restaurant,7.00,debit,Restaurants,Silver Card
2023-03-04,Grocery Store,92.04,debit,Groceries,Silver Card
2023-03-04,Mortgage Payment,1100.00,debit,Mortgage & Rent,Checking
2023-03-04,Netflix,11.76,debit,Television,Platinum Card
2023-03-01,Biweekly Paycheck,2000.00,credit,Paycheck,Checking
2023-03-01,Amazon,13.09,debit,Shopping,Platinum Card
2023-02-28,Grocery Store,32.07,debit,Groceries,Silver Card
2023-02-27,Roadside Diner,25.77,debit,Restaurants,Silver Card
2023-02-25,BP,33.80,debit,Gas & Fuel,Silver Card
2023-02-25,Internet Service Provider,75.00,debit,Internet,Checking
2023-02-21,Credit Card Payment,292.54,debit,Credit Card Payment,Checking
2023-02-21,Grocery Store,46.96,debit,Groceries,Silver Card
2023-02-20,State Farm,75.00,debit,Auto Insurance,Checking
2023-02-20,Credit Card Payment,292.54,credit,Credit Card Payment,Silver Card
2023-02-20,Barbershop,30.00,debit,Haircut,Platinum Card
2023-02-19,Credit Card Payment,574.84,debit,Credit Card Payment,Checking
2023-02-19,City Water Charges,35.00,debit,Utilities,Checking
2023-02-16,Brewing Company,8.00,debit,Alcohol & Bars,Platinum Card
2023-02-16,American Tavern,32.75,debit,Restaurants,Platinum Card
2023-02-16,Amazon,37.45,debit,Shopping,Platinum Card
2023-02-15,Credit Card Payment,207.47,credit,Credit Card Payment,Platinum Card
2023-02-15,Credit Card Payment,207.47,debit,Credit Card Payment,Checking
2023-02-15,Grocery Store,4.59,debit,Groceries,Platinum Card
2023-02-15,Biweekly Paycheck,2000.00,credit,Paycheck,Checking
2023-02-15,Power Company,60.00,debit,Utilities,Checking
2023-02-13,Grocery Store,8.21,debit,Groceries,Platinum Card
2023-02-12,Grocery Store,30.54,debit,Groceries,Platinum Card
2023-02-12,Phone Company,65.00,debit,Mobile Phone,Checking
2023-02-11,Starbucks,3.00,debit,Coffee Shops,Platinum Card
2023-02-11,Credit Card Payment,133.95,debit,Credit Card Payment,Checking
2023-02-11,BP,24.01,debit,Gas & Fuel,Platinum Card
2023-02-09,Spotify,10.69,debit,Music,Platinum Card
2023-02-08,Starbucks,3.00,debit,Coffee Shops,Platinum Card
2023-02-08,Thai Restaurant,27.47,debit,Restaurants,Platinum Card
2023-02-07,Gas Company,65.00,debit,Utilities,Checking
2023-02-05,Mortgage Payment,1100.00,debit,Mortgage & Rent,Checking
2023-02-04,Hardware Store,86.97,debit,Home Improvement,Silver Card
2023-02-04,Netflix,11.76,debit,Television,Platinum Card
2023-02-01,Biweekly Paycheck,2000.00,credit,Paycheck,Checking
2023-02-01,Roadside Diner,9.47,debit,Restaurants,Silver Card
2023-02-01,Amazon,13.09,debit,Shopping,Platinum Card
2023-01-31,Credit Card Payment,1900.00,debit,Credit Card Payment,Checking
2023-01-31,Shell,31.32,debit,Gas & Fuel,Silver Card
2023-01-25,Internet Service Provider,75.00,debit,Internet,Checking
2023-01-24,Grocery Store,21.06,debit,Groceries,Silver Card
2023-01-24,Amazon,11.70,debit,Shopping,Platinum Card
2023-01-24,Amazon,4.21,debit,Shopping,Platinum Card
2023-01-22,Credit Card Payment,277.99,debit,Credit Card Payment,Checking
2023-01-21,Credit Card Payment,277.99,credit,Credit Card Payment,Silver Card
2023-01-18,State Farm,75.00,debit,Auto Insurance,Checking
2023-01-18,Biweekly Paycheck,2000.00,credit,Paycheck,Checking
2023-01-16,City Water Charges,35.00,debit,Utilities,Checking
2023-01-16,Power Company,60.00,debit,Utilities,Checking
2023-01-15,Grocery Store,6.06,debit,Groceries,Silver Card
2023-01-14,Shell,28.92,debit,Gas & Fuel,Silver Card
2023-01-10,Grocery Store,58.79,debit,Groceries,Silver Card
2023-01-10,Barbershop,30.00,debit,Haircut,Silver Card
2023-01-10,Phone Company,65.00,debit,Mobile Phone,Checking
2023-01-09,Credit Card Payment,491.45,credit,Credit Card Payment,Platinum Card
2023-01-09,Credit Card Payment,491.45,debit,Credit Card Payment,Checking
2023-01-09,Credit Card Payment,281.84,debit,Credit Card Payment,Checking
2023-01-09,Spotify,10.69,debit,Music,Platinum Card
2023-01-08,Gas Company,45.00,debit,Utilities,Checking
2023-01-05,American Tavern,23.49,debit,Restaurants,Platinum Card
2023-01-04,Biweekly Paycheck,2000.00,credit,Paycheck,Checking
2023-01-03,Mortgage Payment,1100.00,debit,Mortgage & Rent,Checking
2023-01-03,Amazon,42.10,debit,Shopping,Platinum Card
2023-01-02,Credit Card Payment,499.60,debit,Credit Card Payment,Checking
2023-01-01,Amazon,13.09,debit,Shopping,Platinum Card
2022-12-29,Brewing Company,14.00,debit,Alcohol & Bars,Silver Card
2022-12-29,Credit Card Payment,860.05,credit,Credit Card Payment,Platinum Card
2022-12-29,Grocery Store,55.04,debit,Groceries,Silver Card
2022-12-28,Brewing Company,12.00,debit,Alcohol & Bars,Silver Card
2022-12-26,Chick-Fil-A,56.07,debit,Fast Food,Platinum Card
2022-12-26,Shell,32.47,debit,Gas & Fuel,Platinum Card
2022-12-26,Shell,7.48,debit,Gas & Fuel,Platinum Card
2022-12-26,Internet Service Provider,75.99,debit,Internet,Checking
2022-12-26,Amazon,44.99,debit,Shopping,Platinum Card
2022-12-24,Hardware Store,38.40,debit,Home Improvement,Platinum Card
2022-12-23,Hardware Store,28.00,debit,Home Improvement,Platinum Card
2022-12-22,New York Deli,21.38,debit,Fast Food,Platinum Card
2022-12-22,Hardware Store,22.14,debit,Home Improvement,Platinum Card
2022-12-21,Credit Card Payment,464.03,debit,Credit Card Payment,Checking
2022-12-21,Biweekly Paycheck,2000.00,credit,Paycheck,Checking
2022-12-20,Credit Card Payment,464.03,credit,Credit Card Payment,Silver Card
2022-12-20,Shell,30.38,debit,Gas & Fuel,Silver Card
2022-12-19,State Farm,75.00,debit,Auto Insurance,Checking
2022-12-19,Amazon,43.01,debit,Shopping,Platinum Card
2022-12-18,Starbucks,3.00,debit,Coffee Shops,Silver Card
2022-12-18,Credit Card Payment,311.02,credit,Credit Card Payment,Platinum Card
2022-12-18,Credit Card Payment,311.02,debit,Credit Card Payment,Checking
2022-12-18,Fancy Restaurant,56.52,debit,Restaurants,Silver Card
2022-12-18,Amazon,49.99,debit,Shopping,Platinum Card
2022-12-18,Amazon,41.72,debit,Shopping,Platinum Card
2022-12-18,Amazon,24.30,debit,Shopping,Platinum Card
2022-12-17,American Tavern,63.00,debit,Food & Dining,Silver Card
2022-12-17,BP,20.01,debit,Gas & Fuel,Silver Card
2022-12-17,City Water Charges,35.00,debit,Utilities,Checking
2022-12-14,Grocery Store,21.39,debit,Groceries,Silver Card
2022-12-14,Hardware Store,17.10,debit,Home Improvement,Silver Card
2022-12-14,Power Company,60.00,debit,Utilities,Checking
2022-12-13,Thai Restaurant,27.00,debit,Restaurants,Silver Card
2022-12-12,Phone Company,89.54,debit,Mobile Phone,Checking
2022-12-11,Brunch Restaurant,10.29,debit,Restaurants,Platinum Card
2022-12-09,Spotify,10.69,debit,Music,Platinum Card
2022-12-08,Grocery Store,12.64,debit,Groceries,Platinum Card
2022-12-07,Barbershop,30.00,debit,Haircut,Platinum Card
2022-12-07,Biweekly Paycheck,2000.00,credit,Paycheck,Checking
2022-12-06,Grocery Store,21.38,debit,Groceries,Platinum Card
2022-12-06,Grocery Store,13.48,debit,Groceries,Platinum Card
2022-12-06,Gas Company,40.00,debit,Utilities,Checking
2022-12-04,Starbucks,3.00,debit,Coffee Shops,Silver Card
2022-12-04,Latin Restaurant,20.65,debit,Fast Food,Platinum Card
2022-12-04,Netflix,11.76,debit,Movies & DVDs,Platinum Card
2022-12-03,BP,30.03,debit,Gas & Fuel,Silver Card
2022-12-03,Grocery Store,148.15,debit,Groceries,Silver Card
2022-12-03,Mortgage Payment,1209.18,debit,Mortgage & Rent,Checking
2022-12-01,Grocery Store,5.64,debit,Groceries,Silver Card
2022-12-01,Brunch Restaurant,8.00,debit,Restaurants,Silver Card
2022-12-01,Amazon,13.13,debit,Shopping,Platinum Card
2022-11-30,Credit Card Payment,582.99,debit,Credit Card Payment,Checking
2022-11-30,Grocery Store,6.27,debit,Groceries,Silver Card
2022-11-29,Credit Card Payment,582.99,credit,Credit Card Payment,Silver Card
2022-11-29,Credit Card Payment,751.50,credit,Credit Card Payment,Platinum Card
2022-11-27,Movie Theater,17.00,debit,Movies & DVDs,Silver Card
2022-11-27,American Tavern,28.40,debit,Restaurants,Silver Card
2022-11-26,American Tavern,16.80,debit,Alcohol & Bars,Silver Card
2022-11-26,Internet Service Provider,74.99,debit,Internet,Checking
2022-11-23,Biweekly Paycheck,2000.00,credit,Paycheck,Checking
2022-11-21,Grocery Store,5.64,debit,Groceries,Silver Card
2022-11-21,Hardware Store,37.41,debit,Home Improvement,Platinum Card
2022-11-20,State Farm,75.00,debit,Auto Insurance,Checking
2022-11-20,Credit Card Payment,421.96,credit,Credit Card Payment,Platinum Card
2022-11-19,Brewing Company,20.00,debit,Alcohol & Bars,Silver Card
2022-11-19,QuikTrip,29.15,debit,Gas & Fuel,Silver Card
2022-11-19,Hardware Store,10.02,debit,Home Improvement,Silver Card
2022-11-17,Brewing Company,22.80,debit,Alcohol & Bars,Platinum Card
2022-11-17,Hardware Store,15.47,debit,Home Improvement,Platinum Card
2022-11-17,Hardware Store,6.40,debit,Home Improvement,Platinum Card
2022-11-17,Greek Restaurant,23.26,debit,Restaurants,Platinum Card
2022-11-16,City Water Charges,35.00,debit,Utilities,Checking
2022-11-14,Power Company,60.00,debit,Utilities,Checking
2022-11-13,Grocery Store,4.80,debit,Groceries,Platinum Card
2022-11-13,Grocery Store,37.43,debit,Groceries,Platinum Card
2022-11-13,Grocery Store,10.15,debit,Groceries,Platinum Card
2022-11-13,Phone Company,89.54,debit,Mobile Phone,Checking
2022-11-12,Grocery Store,10.18,debit,Groceries,Platinum Card
2022-11-12,American Tavern,22.33,debit,Restaurants,Silver Card
2022-11-10,Brewing Company,27.00,debit,Alcohol & Bars,Platinum Card
2022-11-10,Chick-Fil-A,14.19,debit,Fast Food,Platinum Card
2022-11-10,Food Truck,24.40,debit,Groceries,Platinum Card
2022-11-09,Spotify,10.69,debit,Music,Platinum Card
2022-11-09,Biweekly Paycheck,2000.00,credit,Paycheck,Checking
2022-11-08,Grocery Store,5.64,debit,Groceries,Platinum Card
2022-11-06,Amazon,53.95,debit,Shopping,Platinum Card
2022-11-06,Gas Company,30.00,debit,Utilities,Checking
2022-11-05,Shell,36.51,debit,Gas & Fuel,Platinum Card
2022-11-04,Netflix,11.76,debit,Movies & DVDs,Platinum Card
2022-11-03,Pizza Place,23.66,debit,Fast Food,Platinum Card
2022-11-02,Credit Card Payment,262.51,credit,Credit Card Payment,Platinum Card
2022-11-02,Credit Card Payment,262.51,debit,Credit Card Payment,Checking
2022-11-02,Mortgage Payment,1209.18,debit,Mortgage & Rent,Checking
2022-11-01,Amazon,13.13,debit,Shopping,Platinum Card
2022-10-31,Grocery Store,5.64,debit,Groceries,Platinum Card
2022-10-28,Brewing Company,12.71,debit,Alcohol & Bars,Platinum Card
2022-10-28,Seafood Restaurant,14.75,debit,Food & Dining,Platinum Card
2022-10-28,Grocery Store,92.49,debit,Groceries,Platinum Card
2022-10-28,Italian Restaurant,54.00,debit,Restaurants,Platinum Card
2022-10-27,American Tavern,25.40,debit,Restaurants,Silver Card
2022-10-26,Biweekly Paycheck,2000.00,credit,Paycheck,Checking
2022-10-25,Internet Service Provider,74.99,debit,Internet,Checking
2022-10-25,Amazon,29.98,debit,Shopping,Platinum Card
2022-10-23,Grocery Store,7.57,debit,Groceries,Platinum Card
2022-10-22,Credit Card Payment,353.83,credit,Credit Card Payment,Silver Card
2022-10-22,Credit Card Payment,353.83,debit,Credit Card Payment,Checking
2022-10-22,BP,34.66,debit,Gas & Fuel,Platinum Card
2022-10-21,Credit Card Payment,544.37,credit,Credit Card Payment,Platinum Card
2022-10-18,State Farm,75.00,debit,Auto Insurance,Checking
2022-10-18,Grocery Store,33.55,debit,Groceries,Platinum Card
2022-10-18,Hardware Store,45.24,debit,Home Improvement,Platinum Card
2022-10-18,Brunch Restaurant,8.00,debit,Restaurants,Platinum Card
2022-10-17,City Water Charges,35.00,debit,Utilities,Checking
2022-10-16,Power Company,60.00,debit,Utilities,Checking
2022-10-12,Biweekly Paycheck,2000.00,credit,Paycheck,Checking
2022-10-11,Phone Company,89.40,debit,Mobile Phone,Checking
2022-10-10,Grocery Store,53.68,debit,Groceries,Silver Card
2022-10-09,Spotify,10.69,debit,Music,Platinum Card
2022-10-09,Amazon,19.98,debit,Shopping,Platinum Card
2022-10-09,Gas Company,30.00,debit,Utilities,Checking
2022-10-08,Shell,38.06,debit,Gas & Fuel,Silver Card
2022-10-08,Hardware Store,80.65,debit,Home Improvement,Silver Card
2022-10-08,Hardware Store,31.20,debit,Home Improvement,Silver Card
2022-10-06,American Tavern,27.00,debit,Restaurants,Silver Card
2022-10-04,Netflix,11.76,debit,Movies & DVDs,Platinum Card
2022-10-02,Credit Card Payment,124.03,credit,Credit Card Payment,Platinum Card
2022-10-02,Credit Card Payment,124.03,debit,Credit Card Payment,Checking
2022-10-02,Mortgage Payment,1209.18,debit,Mortgage & Rent,Checking
2022-10-01,Starbucks,3.00,debit,Coffee Shops,Platinum Card
2022-10-01,Credit Card Payment,128.12,debit,Credit Card Payment,Checking
2022-10-01,Grocery Store,15.66,debit,Groceries,Platinum Card
2022-10-01,Amazon,13.13,debit,Shopping,Platinum Card
2023-09-30,Starbucks,1.75,debit,Coffee Shops,Platinum Card
2023-09-30,Internet Service Provider,75.00,debit,Internet,Checking
2023-09-28,BP,33.46,debit,Gas & Fuel,Platinum Card
2023-09-28,Sheetz,4.27,debit,Gas & Fuel,Platinum Card
2023-09-27,Biweekly Paycheck,2250.00,credit,Paycheck,Checking
2023-09-23,Credit Card Payment,9.43,debit,Credit Card Payment,Checking
2023-09-23,Grocery Store,27.71,debit,Groceries,Platinum Card
2023-09-23,Amazon,24.63,debit,Shopping,Platinum Card
2023-09-22,Seafood Restaurant,131.10,debit,Restaurants,Platinum Card
2023-09-20,Credit Card Payment,9.43,credit,Credit Card Payment,Silver Card
2023-09-19,Brewing Company,40.81,debit,Alcohol & Bars,Platinum Card
2023-09-19,Starbucks,2.75,debit,Coffee Shops,Platinum Card
2023-09-18,State Farm,75.00,debit,Auto Insurance,Checking
2023-09-18,Credit Card Payment,1606.46,debit,Credit Card Payment,Checking
2023-09-17,Credit Card Payment,186.13,credit,Credit Card Payment,Platinum Card
2023-09-17,Power Company,60.00,debit,Utilities,Checking
2023-09-16,Credit Card Payment,90.57,debit,Credit Card Payment,Checking
2023-09-16,Credit Card Payment,90.57,credit,Credit Card Payment,Silver Card
2023-09-16,City Water Charges,35.00,debit,Utilities,Checking
2023-09-15,Amazon,47.66,debit,Shopping,Platinum Card
2023-09-14,Grocery Store,46.44,debit,Groceries,Platinum Card
2023-09-13,Starbucks,2.75,debit,Coffee Shops,Platinum Card
2023-09-13,Biweekly Paycheck,2250.00,credit,Paycheck,Checking
2023-09-12,Credit Card Payment,360.56,debit,Credit Card Payment,Checking
2023-09-11,Credit Card Payment,360.56,credit,Credit Card Payment,Silver Card
2023-09-11,Phone Company,65.00,debit,Mobile Phone,Checking
2023-09-09,Shell,28.77,debit,Gas & Fuel,Platinum Card
2023-09-09,Grocery Store,65.09,debit,Groceries,Silver Card
2023-09-09,Hardware Store,26.25,debit,Home Improvement,Silver Card
2023-09-09,Spotify,10.69,debit,Music,Platinum Card
2023-09-09,Gas Company,30.00,debit,Utilities,Checking
2023-09-08,Brewing Company,19.30,debit,Alcohol & Bars,Platinum Card
2023-09-07,Brewing Company,12.87,debit,Alcohol & Bars,Platinum Card
2023-09-06,Credit Card Payment,1390.37,credit,Credit Card Payment,Platinum Card
2023-09-06,Credit Card Payment,1390.37,debit,Credit Card Payment,Checking
2023-09-06,Credit Card Payment,502.75,debit,Credit Card Payment,Checking
2023-09-05,Starbucks,3.75,debit,Coffee Shops,Platinum Card
2023-09-04,Netflix,13.90,debit,Television,Platinum Card
2023-09-03,Mortgage Payment,1100.00,debit,Mortgage & Rent,Checking
2023-09-03,Fancy Restaurant,41.24,debit,Restaurants,Silver Card
2023-09-01,Amazon,13.09,debit,Shopping,Platinum Card
2023-08-31,Hardware Store,68.04,debit,Home Improvement,Platinum Card
2023-08-31,BBQ Restaurant,41.78,debit,Restaurants,Silver Card
2023-08-30,Starbucks,2.75,debit,Coffee Shops,Platinum Card
2023-08-30,Internet Service Provider,75.00,debit,Internet,Checking
2023-08-30,Biweekly Paycheck,2250.00,credit,Paycheck,Checking
2023-08-29,Starbucks,3.00,debit,Coffee Shops,Platinum Card
2023-08-26,Hardware Store,66.75,debit,Home Improvement,Silver Card
2023-08-25,Brunch Restaurant,39.43,debit,Restaurants,Platinum Card
2023-08-23,Starbucks,2.75,debit,Coffee Shops,Platinum Card
2023-08-21,Shell,34.69,debit,Gas & Fuel,Platinum Card
2023-08-20,State Farm,75.00,debit,Auto Insurance,Checking
2023-08-20,Starbucks,2.75,debit,Coffee Shops,Platinum Card
2023-08-19,Credit Card Payment,1248.95,debit,Credit Card Payment,Checking
2023-08-17,Credit Card Payment,87.17,credit,Credit Card Payment,Platinum Card
2023-08-17,Grocery Store,33.15,debit,Groceries,Platinum Card
2023-08-17,Barbershop,19.00,debit,Haircut,Platinum Card
2023-08-17,American Tavern,3.50,debit,Restaurants,Platinum Card
2023-08-16,Biweekly Paycheck,2250.00,credit,Paycheck,Checking
2023-08-16,City Water Charges,35.00,debit,Utilities,Checking
2023-08-15,Credit Card Payment,335.20,debit,Credit Card Payment,Checking
2023-08-15,Power Company,60.00,debit,Utilities,Checking
2023-08-14,Starbucks,2.75,debit,Coffee Shops,Platinum Card
2023-08-12,Phone Company,65.00,debit,Mobile Phone,Checking
2023-08-12,Thai Restaurant,26.67,debit,Restaurants,Silver Card
2023-08-09,Spotify,10.69,debit,Music,Platinum Card
2023-08-09,Gas Company,30.00,debit,Utilities,Checking
2023-08-08,Grocery Store,11.72,debit,Groceries,Silver Card
2023-08-06,Credit Card Payment,521.17,debit,Credit Card Payment,Checking
2023-08-06,Credit Card Payment,117.65,debit,Credit Card Payment,Checking
2023-08-06,Hardware Store,125.00,debit,Home Improvement,Checking
2023-08-05,Brewing Company,18.00,debit,Alcohol & Bars,Silver Card
2023-08-05,Credit Card Payment,349.28,credit,Credit Card Payment,Platinum Card
2023-08-05,Credit Card Payment,117.65,credit,Credit Card Payment,Silver Card
2023-08-04,Netflix,13.90,debit,Television,Platinum Card
2023-08-03,BP,36.36,debit,Gas & Fuel,Platinum Card
2023-08-03,Grocery Store,3.96,debit,Groceries,Platinum Card
2023-08-03,American Tavern,23.47,debit,Restaurants,Platinum Card
2023-08-02,Mortgage Payment,1100.00,debit,Mortgage & Rent,Checking
2023-08-02,Biweekly Paycheck,2250.00,credit,Paycheck,Checking
2023-08-01,Amazon,13.09,debit,Shopping,Platinum Card
2023-07-30,Grocery Store,15.77,debit,Groceries,Platinum Card
2023-07-30,Internet Service Provider,75.00,debit,Internet,Checking
2023-07-29,Grocery Store,5.35,debit,Groceries,Platinum Card
2023-07-29,Fancy Restaurant,44.92,debit,Restaurants,Silver Card
2023-07-28,Hardware Store,44.31,debit,Home Improvement,Platinum Card
2023-07-27,Barbershop,30.00,debit,Haircut,Silver Card
2023-07-24,Starbucks,2.50,debit,Coffee Shops,Silver Card
2023-07-23,Credit Card Payment,257.08,debit,Credit Card Payment,Checking
2023-07-22,Credit Card Payment,257.08,credit,Credit Card Payment,Silver Card
2023-07-22,Thai Restaurant,26.67,debit,Restaurants,Silver Card
2023-07-19,Credit Card Payment,115.52,credit,Credit Card Payment,Platinum Card
2023-07-19,Biweekly Paycheck,2250.00,credit,Paycheck,Checking
2023-07-19,Mexican Restaurant,28.00,debit,Restaurants,Platinum Card
2023-07-18,State Farm,75.00,debit,Auto Insurance,Checking
2023-07-18,Credit Card Payment,814.50,debit,Credit Card Payment,Checking
2023-07-18,BP,36.42,debit,Gas & Fuel,Silver Card
2023-07-18,Grocery Store,29.83,debit,Groceries,Platinum Card
2023-07-18,Brunch Restaurant,8.82,debit,Restaurants,Platinum Card
2023-07-17,City Water Charges,35.00,debit,Utilities,Checking
2023-07-16,Amazon,89.99,debit,Shopping,Platinum Card
2023-07-16,Power Company,60.00,debit,Utilities,Checking
2023-07-15,Grocery Store,87.14,debit,Groceries,Silver Card
2023-07-10,Phone Company,65.00,debit,Mobile Phone,Checking
2023-07-10,Gas Company,30.00,debit,Utilities,Checking
2023-07-09,Credit Card Payment,549.72,credit,Credit Card Payment,Platinum Card
2023-07-09,Spotify,10.69,debit,Music,Platinum Card
2023-07-08,Credit Card Payment,305.28,debit,Credit Card Payment,Checking
2023-07-08,Credit Card Payment,220.08,debit,Credit Card Payment,Checking
2023-07-07,Hardware Store,103.14,debit,Home Improvement,Platinum Card
2023-07-06,Credit Card Payment,220.08,credit,Credit Card Payment,Silver Card
2023-07-06,Grocery Store,92.98,debit,Groceries,Platinum Card
2023-07-06,Greek Restaurant,23.26,debit,Restaurants,Platinum Card
2023-07-05,Brewing Company,19.00,debit,Alcohol & Bars,Silver Card
2023-07-05,Biweekly Paycheck,2250.00,credit,Paycheck,Checking
2023-07-04,Netflix,13.90,debit,Television,Platinum Card
2023-07-02,Hardware Store,229.90,debit,Home Improvement,Platinum Card
2023-07-02,Mortgage Payment,1100.00,debit,Mortgage & Rent,Checking
2023-07-01,Starbucks,7.00,debit,Coffee Shops,Silver Card
2023-07-01,Grocery Store,99.47,debit,Groceries,Silver Card
2023-07-01,Hawaiian Grill,24.97,debit,Restaurants,Silver Card
2023-07-01,Thai Restaurant,24.00,debit,Restaurants,Silver Card
2023-07-01,Amazon,13.09,debit,Shopping,Platinum Card
2023-06-30,Internet Service Provider,75.00,debit,Internet,Checking
2023-06-28,BP,30.64,debit,Gas & Fuel,Silver Card
2023-06-24,Brewing Company,15.00,debit,Alcohol & Bars,Silver Card
2023-06-21,Credit Card Payment,100.68,debit,Credit Card Payment,Checking
2023-06-21,Biweekly Paycheck,2000.00,credit,Paycheck,Checking
2023-06-20,Credit Card Payment,375.26,debit,Credit Card Payment,Checking
2023-06-20,Mike's Construction Co.,9200.00,debit,Home Improvement,Checking
2023-06-20,Credit Card Payment,100.68,credit,Credit Card Payment,Silver Card
2023-06-19,State Farm,75.00,debit,Auto Insurance,Checking
2023-06-18,Brewing Company,15.00,debit,Alcohol & Bars,Silver Card
2023-06-18,Shell,41.83,debit,Gas & Fuel,Silver Card
2023-06-17,City Water Charges,35.00,debit,Utilities,Checking
2023-06-17,Power Company,60.00,debit,Utilities,Checking
2023-06-15,BP,33.16,debit,Gas & Fuel,Silver Card
2023-06-14,Grocery Store,10.69,debit,Groceries,Silver Card
2023-06-13,Credit Card Payment,152.72,credit,Credit Card Payment,Platinum Card
2023-06-13,Credit Card Payment,152.72,debit,Credit Card Payment,Checking
2023-06-12,Phone Company,65.00,debit,Mobile Phone,Checking
2023-06-09,Spotify,10.69,debit,Music,Platinum Card
2023-06-07,Credit Card Payment,458.56,debit,Credit Card Payment,Checking
2023-06-07,Biweekly Paycheck,2000.00,credit,Paycheck,Checking
2023-06-07,Gas Company,30.00,debit,Utilities,Checking
2023-06-06,Starbucks,3.75,debit,Coffee Shops,Platinum Card
2023-06-06,Grocery Store,5.64,debit,Groceries,Platinum Card
2023-06-05,Grocery Store,23.00,debit,Groceries,Platinum Card
2023-06-05,Mexican Restaurant,23.24,debit,Restaurants,Platinum Card
2023-06-04,Barbershop,30.00,debit,Haircut,Platinum Card
2023-06-04,Netflix,13.90,debit,Television,Platinum Card
2023-06-03,Starbucks,2.75,debit,Coffee Shops,Platinum Card
2023-06-03,Credit Card Payment,260.95,credit,Credit Card Payment,Platinum Card
2023-06-03,Mortgage Payment,1100.00,debit,Mortgage & Rent,Checking
2023-06-01,Amazon,13.09,debit,Shopping,Platinum Card
2023-05-30,Internet Service Provider,75.00,debit,Internet,Checking
2023-05-30,American Tavern,34.82,debit,Restaurants,Platinum Card
2023-05-28,Credit Card Payment,765.68,debit,Credit Card Payment,Checking
2023-05-27,Mexican Restaurant,34.33,debit,Restaurants,Platinum Card
2023-05-25,QuikTrip,36.76,debit,Gas & Fuel,Platinum Card
2023-05-25,Hardware Store,30.99,debit,Home Improvement,Platinum Card
2023-05-24,Credit Card Payment,765.68,credit,Credit Card Payment,Silver Card
2023-05-24,Hardware Store,27.96,debit,Home Improvement,Platinum Card
2023-05-24,Biweekly Paycheck,2000.00,credit,Paycheck,Checking
2023-05-24,Brunch Restaurant,8.00,debit,Restaurants,Platinum Card
2023-05-20,State Farm,75.00,debit,Auto Insurance,Checking
2023-05-20,Credit Card Payment,415.47,debit,Credit Card Payment,Checking
2023-05-20,American Tavern,32.53,debit,Restaurants,Silver Card
2023-05-17,Credit Card Payment,575.33,credit,Credit Card Payment,Platinum Card
2023-05-17,City Water Charges,35.00,debit,Utilities,Checking
2023-05-15,Power Company,60.00,debit,Utilities,Checking
2023-05-14,Grocery Store,2.02,debit,Groceries,Silver Card
2023-05-13,Credit Card Payment,480.88,debit,Credit Card Payment,Checking
2023-05-13,QuikTrip,35.24,debit,Gas & Fuel,Silver Card
2023-05-13,Fancy Restaurant,98.19,debit,Restaurants,Silver Card
2023-05-13,Greek Restaurant,23.11,debit,Restaurants,Silver Card
2023-05-10,Best Buy,21.39,debit,Electronics & Software,Silver Card
2023-05-10,Phone Company,65.00,debit,Mobile Phone,Checking
2023-05-10,Biweekly Paycheck,2000.00,credit,Paycheck,Checking
2023-05-09,Best Buy,331.69,debit,Electronics & Software,Platinum Card
2023-05-09,Spotify,10.69,debit,Music,Platinum Card
2023-05-09,Target,3.20,debit,Shopping,Platinum Card
2023-05-09,Gas Company,30.00,debit,Utilities,Checking
2023-05-07,Amazon,38.56,debit,Shopping,Platinum Card
2023-05-06,Amazon,16.94,debit,Shopping,Platinum Card
2023-05-04,Netflix,13.90,debit,Television,Platinum Card
2023-05-03,Credit Card Payment,758.07,debit,Credit Card Payment,Checking
2023-05-02,Mortgage Payment,1100.00,debit,Mortgage & Rent,Checking
2023-05-01,Amazon,13.09,debit,Shopping,Platinum Card
2023-04-30,BP,39.08,debit,Gas & Fuel,Platinum Card
2023-04-29,Credit Card Payment,268.96,debit,Credit Card Payment,Checking
2023-04-29,Grocery Store,5.64,debit,Groceries,Platinum Card
2023-04-27,Brewing Company,40.00,debit,Alcohol & Bars,Platinum Card
2023-04-27,Credit Card Payment,268.96,credit,Credit Card Payment,Silver Card
2023-04-27,American Tavern,14.74,debit,Restaurants,Silver Card
2023-04-26,Biweekly Paycheck,2000.00,credit,Paycheck,Checking
2023-04-25,Internet Service Provider,75.00,debit,Internet,Checking
2023-04-23,Hardware Store,29.56,debit,Home Improvement,Silver Card
2023-04-22,Brewing Company,14.40,debit,Alcohol & Bars,Silver Card
2023-04-22,Greek Restaurant,64.52,debit,Restaurants,Silver Card
2023-04-19,Credit Card Payment,604.32,debit,Credit Card Payment,Checking
2023-04-19,Grocery Store,10.89,debit,Groceries,Platinum Card
2023-04-18,State Farm,75.00,debit,Auto Insurance,Checking
2023-04-18,Credit Card Payment,604.32,credit,Credit Card Payment,Silver Card
2023-04-18,Credit Card Payment,458.10,credit,Credit Card Payment,Platinum Card
2023-04-16,City Water Charges,35.00,debit,Utilities,Checking
2023-04-15,Power Company,60.00,debit,Utilities,Checking
2023-04-13,QuikTrip,38.94,debit,Gas & Fuel,Platinum Card
2023-04-13,Grocery Store,16.87,debit,Groceries,Platinum Card
2023-04-13,Vietnamese Restaurant,20.64,debit,Restaurants,Platinum Card
2023-04-12,Best Buy,44.93,debit,Electronics & Software,Silver Card
2023-04-12,Grocery Store,41.34,debit,Groceries,Platinum Card
2023-04-12,Biweekly Paycheck,2000.00,credit,Paycheck,Checking
2023-04-10,Phone Company,65.00,debit,Mobile Phone,Checking
2023-04-09,Credit Card Payment,436.75,debit,Credit Card Payment,Checking
2023-04-09,Grocery Store,10.70,debit,Groceries,Platinum Card
2023-04-09,Barbershop,30.00,debit,Haircut,Platinum Card
2023-04-09,Spotify,10.69,debit,Music,Platinum Card
2023-04-08,Gas Company,30.00,debit,Utilities,Checking
2023-04-06,Amazon,27.54,debit,Shopping,Platinum Card
2023-04-04,Grocery Store,5.64,debit,Groceries,Platinum Card
2023-04-04,Amazon,35.90,debit,Shopping,Platinum Card
2023-04-04,Netflix,11.76,debit,Television,Platinum Card
2023-04-02,Mortgage Payment,1100.00,debit,Mortgage & Rent,Checking
2023-04-01,Credit Card Payment,1552.65,debit,Credit Card Payment,Checking
2023-04-01,Credit Card Payment,600.51,credit,Credit Card Payment,Platinum Card
2023-04-01,Amazon,13.09,debit,Shopping,Platinum Card
2023-03-31,Credit Card Payment,957.60,credit,Credit Card Payment,Platinum Card
2023-03-30,Starbucks,12.84,debit,Coffee Shops,Platinum Card
2023-03-29,Biweekly Paycheck,2000.00,credit,Paycheck,Checking
2023-03-27,Brewing Company,49.63,debit,Alcohol & Bars,Platinum Card
2023-03-27,Grocery Store,4.46,debit,Groceries,Platinum Card
2023-03-26,Amazon,16.04,debit,Shopping,Platinum Card
2023-03-25,Internet Service Provider,75.00,debit,Internet,Checking
2023-03-23,Starbucks,5.20,debit,Coffee Shops,Platinum Card
2023-03-22,BP,37.51,debit,Gas & Fuel,Platinum Card
2023-03-20,State Farm,75.00,debit,Auto Insurance,Checking
2023-03-19,Amazon,13.84,debit,Shopping,Platinum Card
2023-03-19,City Water Charges,35.00,debit,Utilities,Checking
2023-03-18,Best Buy,320.99,debit,Electronics & Software,Platinum Card
2023-03-18,Grocery Store,16.23,debit,Groceries,Platinum Card
2023-03-15,Biweekly Paycheck,2000.00,credit,Paycheck,Checking
2023-03-15,Power Company,60.00,debit,Utilities,Checking
2023-03-14,Credit Card Payment,305.27,debit,Credit Card Payment,Checking
2023-03-14,Credit Card Payment,301.79,debit,Credit Card Payment,Checking
2023-03-14,Brunch Restaurant,8.00,debit,Restaurants,Platinum Card
2023-03-13,Credit Card Payment,532.86,credit,Credit Card Payment,Platinum Card
2023-03-13,Credit Card Payment,301.79,credit,Credit Card Payment,Silver Card
2023-03-12,Phone Company,65.00,debit,Mobile Phone,Checking
2023-03-12,Bakery Place,3.02,debit,Restaurants,Platinum Card
2023-03-09,Spotify,10.69,debit,Music,Platinum Card
2023-03-08,BP,34.08,debit,Gas & Fuel,Platinum Card
2023-03-08,Amazon,27.17,debit,Shopping,Platinum Card
2023-03-08,Gas Company,49.00,debit,Utilities,Checking
2023-03-06,Credit Card Payment,491.86,debit,Credit Card Payment,Checking
2023-03-05,Fancy Restaurant,7.00,debit,Restaurants,Silver Card
2023-03-04,Grocery Store,92.04,debit,Groceries,Silver Card
2023-03-04,Mortgage Payment,1100.00,debit,Mortgage & Rent,Checking
2023-03-04,Netflix,11.76,debit,Television,Platinum Card
2023-03-01,Biweekly Paycheck,2000.00,credit,Paycheck,Checking
2023-03-01,Amazon,13.09,debit,Shopping,Platinum Card
2023-02-28,Grocery Store,32.07,debit,Groceries,Silver Card
2023-02-27,Roadside Diner,25.77,debit,Restaurants,Silver Card
2023-02-25,BP,33.80,debit,Gas & Fuel,Silver Card
2023-02-25,Internet Service Provider,75.00,debit,Internet,Checking
2023-02-21,Credit Card Payment,292.54,debit,Credit Card Payment,Checking
2023-02-21,Grocery Store,46.96,debit,Groceries,Silver Card
2023-02-20,State Farm,75.00,debit,Auto Insurance,Checking
2023-02-20,Credit Card Payment,292.54,credit,Credit Card Payment,Silver Card
2023-02-20,Barbershop,30.00,debit,Haircut,Platinum Card
2023-02-19,Credit Card Payment,574.84,debit,Credit Card Payment,Checking
2023-02-19,City Water Charges,35.00,debit,Utilities,Checking
2023-02-16,Brewing Company,8.00,debit,Alcohol & Bars,Platinum Card
2023-02-16,American Tavern,32.75,debit,Restaurants,Platinum Card
2023-02-16,Amazon,37.45,debit,Shopping,Platinum Card
2023-02-15,Credit Card Payment,207.47,credit,Credit Card Payment,Platinum Card
2023-02-15,Credit Card Payment,207.47,debit,Credit Card Payment,Checking
2023-02-15,Grocery Store,4.59,debit,Groceries,Platinum Card
2023-02-15,Biweekly Paycheck,2000.00,credit,Paycheck,Checking
2023-02-15,Power Company,60.00,debit,Utilities,Checking
2023-02-13,Grocery Store,8.21,debit,Groceries,Platinum Card
2023-02-12,Grocery Store,30.54,debit,Groceries,Platinum Card
2023-02-12,Phone Company,65.00,debit,Mobile Phone,Checking
2023-02-11,Starbucks,3.00,debit,Coffee Shops,Platinum Card
2023-02-11,Credit Card Payment,133.95,debit,Credit Card Payment,Checking
2023-02-11,BP,24.01,debit,Gas & Fuel,Platinum Card
2023-02-09,Spotify,10.69,debit,Music,Platinum Card
2023-02-08,Starbucks,3.00,debit,Coffee Shops,Platinum Card
2023-02-08,Thai Restaurant,27.47,debit,Restaurants,Platinum Card
2023-02-07,Gas Company,65.00,debit,Utilities,Checking
2023-02-05,Mortgage Payment,1100.00,debit,Mortgage & Rent,Checking
2023-02-04,Hardware Store,86.97,debit,Home Improvement,Silver Card
2023-02-04,Netflix,11.76,debit,Television,Platinum Card
2023-02-01,Biweekly Paycheck,2000.00,credit,Paycheck,Checking
2023-02-01,Roadside Diner,9.47,debit,Restaurants,Silver Card
2023-02-01,Amazon,13.09,debit,Shopping,Platinum Card
2023-01-31,Credit Card Payment,1900.00,debit,Credit Card Payment,Checking
2023-01-31,Shell,31.32,debit,Gas & Fuel,Silver Card
2023-01-25,Internet Service Provider,75.00,debit,Internet,Checking
2023-01-24,Grocery Store,21.06,debit,Groceries,Silver Card
2023-01-24,Amazon,11.70,debit,Shopping,Platinum Card
2023-01-24,Amazon,4.21,debit,Shopping,Platinum Card
2023-01-22,Credit Card Payment,277.99,debit,Credit Card Payment,Checking
2023-01-21,Credit Card Payment,277.99,credit,Credit Card Payment,Silver Card
2023-01-18,State Farm,75.00,debit,Auto Insurance,Checking
2023-01-18,Biweekly Paycheck,2000.00,credit,Paycheck,Checking
2023-01-16,City Water Charges,35.00,debit,Utilities,Checking
2023-01-16,Power Company,60.00,debit,Utilities,Checking
2023-01-15,Grocery Store,6.06,debit,Groceries,Silver Card
2023-01-14,Shell,28.92,debit,Gas & Fuel,Silver Card
2023-01-10,Grocery Store,58.79,debit,Groceries,Silver Card
2023-01-10,Barbershop,30.00,debit,Haircut,Silver Card
2023-01-10,Phone Company,65.00,debit,Mobile Phone,Checking
2023-01-09,Credit Card Payment,491.45,credit,Credit Card Payment,Platinum Card
2023-01-09,Credit Card Payment,491.45,debit,Credit Card Payment,Checking
2023-01-09,Credit Card Payment,281.84,debit,Credit Card Payment,Checking
2023-01-09,Spotify,10.69,debit,Music,Platinum Card
2023-01-08,Gas Company,45.00,debit,Utilities,Checking
2023-01-05,American Tavern,23.49,debit,Restaurants,Platinum Card
2023-01-04,Biweekly Paycheck,2000.00,credit,Paycheck,Checking
2023-01-03,Mortgage Payment,1100.00,debit,Mortgage & Rent,Checking
2023-01-03,Amazon,42.10,debit,Shopping,Platinum Card
2023-01-02,Credit Card Payment,499.60,debit,Credit Card Payment,Checking
2023-01-01,Amazon,13.09,debit,Shopping,Platinum Card
2022-12-29,Brewing Company,14.00,debit,Alcohol & Bars,Silver Card
2022-12-29,Credit Card Payment,860.05,credit,Credit Card Payment,Platinum Card
2022-12-29,Grocery Store,55.04,debit,Groceries,Silver Card
2022-12-28,Brewing Company,12.00,debit,Alcohol & Bars,Silver Card
2022-12-26,Chick-Fil-A,56.07,debit,Fast Food,Platinum Card
2022-12-26,Shell,32.47,debit,Gas & Fuel,Platinum Card
2022-12-26,Shell,7.48,debit,Gas & Fuel,Platinum Card
2022-12-26,Internet Service Provider,75.99,debit,Internet,Checking
2022-12-26,Amazon,44.99,debit,Shopping,Platinum Card
2022-12-24,Hardware Store,38.40,debit,Home Improvement,Platinum Card
2022-12-23,Hardware Store,28.00,debit,Home Improvement,Platinum Card
2022-12-22,New York Deli,21.38,debit,Fast Food,Platinum Card
2022-12-22,Hardware Store,22.14,debit,Home Improvement,Platinum Card
2022-12-21,Credit Card Payment,464.03,debit,Credit Card Payment,Checking
2022-12-21,Biweekly Paycheck,2000.00,credit,Paycheck,Checking
2022-12-20,Credit Card Payment,464.03,credit,Credit Card Payment,Silver Card
2022-12-20,Shell,30.38,debit,Gas & Fuel,Silver Card
2022-12-19,State Farm,75.00,debit,Auto Insurance,Checking
2022-12-19,Amazon,43.01,debit,Shopping,Platinum Card
2022-12-18,Starbucks,3.00,debit,Coffee Shops,Silver Card
2022-12-18,Credit Card Payment,311.02,credit,Credit Card Payment,Platinum Card
2022-12-18,Credit Card Payment,311.02,debit,Credit Card Payment,Checking
2022-12-18,Fancy Restaurant,56.52,debit,Restaurants,Silver Card
2022-12-18,Amazon,49.99,debit,Shopping,Platinum Card
2022-12-18,Amazon,41.72,debit,Shopping,Platinum Card
2022-12-18,Amazon,24.30,debit,Shopping,Platinum Card
2022-12-17,American Tavern,63.00,debit,Food & Dining,Silver Card
2022-12-17,BP,20.01,debit,Gas & Fuel,Silver Card
2022-12-17,City Water Charges,35.00,debit,Utilities,Checking
2022-12-14,Grocery Store,21.39,debit,Groceries,Silver Card
2022-12-14,Hardware Store,17.10,debit,Home Improvement,Silver Card
2022-12-14,Power Company,60.00,debit,Utilities,Checking
2022-12-13,Thai Restaurant,27.00,debit,Restaurants,Silver Card
2022-12-12,Phone Company,89.54,debit,Mobile Phone,Checking
2022-12-11,Brunch Restaurant,10.29,debit,Restaurants,Platinum Card
2022-12-09,Spotify,10.69,debit,Music,Platinum Card
2022-12-08,Grocery Store,12.64,debit,Groceries,Platinum Card
2022-12-07,Barbershop,30.00,debit,Haircut,Platinum Card
2022-12-07,Biweekly Paycheck,2000.00,credit,Paycheck,Checking
2022-12-06,Grocery Store,21.38,debit,Groceries,Platinum Card
2022-12-06,Grocery Store,13.48,debit,Groceries,Platinum Card
2022-12-06,Gas Company,40.00,debit,Utilities,Checking
2022-12-04,Starbucks,3.00,debit,Coffee Shops,Silver Card
2022-12-04,Latin Restaurant,20.65,debit,Fast Food,Platinum Card
2022-12-04,Netflix,11.76,debit,Movies & DVDs,Platinum Card
2022-12-03,BP,30.03,debit,Gas & Fuel,Silver Card
2022-12-03,Grocery Store,148.15,debit,Groceries,Silver Card
2022-12-03,Mortgage Payment,1209.18,debit,Mortgage & Rent,Checking
2022-12-01,Grocery Store,5.64,debit,Groceries,Silver Card
2022-12-01,Brunch Restaurant,8.00,debit,Restaurants,Silver Card
2022-12-01,Amazon,13.13,debit,Shopping,Platinum Card
2022-11-30,Credit Card Payment,582.99,debit,Credit Card Payment,Checking
2022-11-30,Grocery Store,6.27,debit,Groceries,Silver Card
2022-11-29,Credit Card Payment,582.99,credit,Credit Card Payment,Silver Card
2022-11-29,Credit Card Payment,751.50,credit,Credit Card Payment,Platinum Card
2022-11-27,Movie Theater,17.00,debit,Movies & DVDs,Silver Card
2022-11-27,American Tavern,28.40,debit,Restaurants,Silver Card
2022-11-26,American Tavern,16.80,debit,Alcohol & Bars,Silver Card
2022-11-26,Internet Service Provider,74.99,debit,Internet,Checking
2022-11-23,Biweekly Paycheck,2000.00,credit,Paycheck,Checking
2022-11-21,Grocery Store,5.64,debit,Groceries,Silver Card
2022-11-21,Hardware Store,37.41,debit,Home Improvement,Platinum Card
2022-11-20,State Farm,75.00,debit,Auto Insurance,Checking
2022-11-20,Credit Card Payment,421.96,credit,Credit Card Payment,Platinum Card
2022-11-19,Brewing Company,20.00,debit,Alcohol & Bars,Silver Card
2022-11-19,QuikTrip,29.15,debit,Gas & Fuel,Silver Card
2022-11-19,Hardware Store,10.02,debit,Home Improvement,Silver Card
2022-11-17,Brewing Company,22.80,debit,Alcohol & Bars,Platinum Card
2022-11-17,Hardware Store,15.47,debit,Home Improvement,Platinum Card
2022-11-17,Hardware Store,6.40,debit,Home Improvement,Platinum Card
2022-11-17,Greek Restaurant,23.26,debit,Restaurants,Platinum Card
2022-11-16,City Water Charges,35.00,debit,Utilities,Checking
2022-11-14,Power Company,60.00,debit,Utilities,Checking
2022-11-13,Grocery Store,4.80,debit,Groceries,Platinum Card
2022-11-13,Grocery Store,37.43,debit,Groceries,Platinum Card
2022-11-13,Grocery Store,10.15,debit,Groceries,Platinum Card
2022-11-13,Phone Company,89.54,debit,Mobile Phone,Checking
2022-11-12,Grocery Store,10.18,debit,Groceries,Platinum Card
2022-11-12,American Tavern,22.33,debit,Restaurants,Silver Card
2022-11-10,Brewing Company,27.00,debit,Alcohol & Bars,Platinum Card
2022-11-10,Chick-Fil-A,14.19,debit,Fast Food,Platinum Card
2022-11-10,Food Truck,24.40,debit,Groceries,Platinum Card
2022-11-09,Spotify,10.69,debit,Music,Platinum Card
2022-11-09,Biweekly Paycheck,2000.00,credit,Paycheck,Checking
2022-11-08,Grocery Store,5.64,debit,Groceries,Platinum Card
2022-11-06,Amazon,53.95,debit,Shopping,Platinum Card
2022-11-06,Gas Company,30.00,debit,Utilities,Checking
2022-11-05,Shell,36.51,debit,Gas & Fuel,Platinum Card
2022-11-04,Netflix,11.76,debit,Movies & DVDs,Platinum Card
2022-11-03,Pizza Place,23.66,debit,Fast Food,Platinum Card
2022-11-02,Credit Card Payment,262.51,credit,Credit Card Payment,Platinum Card
2022-11-02,Credit Card Payment,262.51,debit,Credit Card Payment,Checking
2022-11-02,Mortgage Payment,1209.18,debit,Mortgage & Rent,Checking
2022-11-01,Amazon,13.13,debit,Shopping,Platinum Card
2022-10-31,Grocery Store,5.64,debit,Groceries,Platinum Card
2022-10-28,Brewing Company,12.71,debit,Alcohol & Bars,Platinum Card
2022-10-28,Seafood Restaurant,14.75,debit,Food & Dining,Platinum Card
2022-10-28,Grocery Store,92.49,debit,Groceries,Platinum Card
2022-10-28,Italian Restaurant,54.00,debit,Restaurants,Platinum Card
2022-10-27,American Tavern,25.40,debit,Restaurants,Silver Card
2022-10-26,Biweekly Paycheck,2000.00,credit,Paycheck,Checking
2022-10-25,Internet Service Provider,74.99,debit,Internet,Checking
2022-10-25,Amazon,29.98,debit,Shopping,Platinum Card
2022-10-23,Grocery Store,7.57,debit,Groceries,Platinum Card
2022-10-22,Credit Card Payment,353.83,credit,Credit Card Payment,Silver Card
2022-10-22,Credit Card Payment,353.83,debit,Credit Card Payment,Checking
2022-10-22,BP,34.66,debit,Gas & Fuel,Platinum Card
2022-10-21,Credit Card Payment,544.37,credit,Credit Card Payment,Platinum Card
2022-10-18,State Farm,75.00,debit,Auto Insurance,Checking
2022-10-18,Grocery Store,33.55,debit,Groceries,Platinum Card
2022-10-18,Hardware Store,45.24,debit,Home Improvement,Platinum Card
2022-10-18,Brunch Restaurant,8.00,debit,Restaurants,Platinum Card
2022-10-17,City Water Charges,35.00,debit,Utilities,Checking
2022-10-16,Power Company,60.00,debit,Utilities,Checking
2022-10-12,Biweekly Paycheck,2000.00,credit,Paycheck,Checking
2022-10-11,Phone Company,89.40,debit,Mobile Phone,Checking
2022-10-10,Grocery Store,53.68,debit,Groceries,Silver Card
2022-10-09,Spotify,10.69,debit,Music,Platinum Card
2022-10-09,Amazon,19.98,debit,Shopping,Platinum Card
2022-10-09,Gas Company,30.00,debit,Utilities,Checking
2022-10-08,Shell,38.06,debit,Gas & Fuel,Silver Card
2022-10-08,Hardware Store,80.65,debit,Home Improvement,Silver Card
2022-10-08,Hardware Store,31.20,debit,Home Improvement,Silver Card
2022-10-06,American Tavern,27.00,debit,Restaurants,Silver Card
2022-10-04,Netflix,11.76,debit,Movies & DVDs,Platinum Card
2022-10-02,Credit Card Payment,124.03,credit,Credit Card Payment,Platinum Card
2022-10-02,Credit Card Payment,124.03,debit,Credit Card Payment,Checking
2022-10-02,Mortgage Payment,1209.18,debit,Mortgage & Rent,Checking
2022-10-01,Starbucks,3.00,debit,Coffee Shops,Platinum Card
2022-10-01,Credit Card Payment,128.12,debit,Credit Card Payment,Checking
2022-10-01,Grocery Store,15.66,debit,Groceries,Platinum Card
2022-10-01,Amazon,13.13,debit,Shopping,Platinum Card
2022-09-29,Greek Restaurant,23.26,debit,Restaurants,Platinum Card
2022-09-29,German Restaurant,46.70,debit,Restaurants,Platinum Card
2022-09-28,Credit Card Payment,128.12,credit,Credit Card Payment,Silver Card
2022-09-28,Credit Card Payment,284.96,credit,Credit Card Payment,Platinum Card
2022-09-28,Credit Card Payment,284.96,debit,Credit Card Payment,Checking
2022-09-28,Grocery Store,13.36,debit,Groceries,Platinum Card
2022-09-28,Biweekly Paycheck,2000.00,credit,Paycheck,Checking
2022-09-27,Valero,40.71,debit,Gas & Fuel,Platinum Card
2022-09-26,Starbucks,5.00,debit,Coffee Shops,Platinum Card
2022-09-26,Exxon,38.00,debit,Gas & Fuel,Silver Card
2022-09-25,Internet Service Provider,74.99,debit,Internet,Checking
2022-09-25,Sushi Restaurant,48.64,debit,Restaurants,Silver Card
2022-09-22,Hardware Store,69.40,debit,Home Improvement,Platinum Card
2022-09-22,Hardware Store,6.83,debit,Home Improvement,Platinum Card
2022-09-20,Amazon,47.38,debit,Shopping,Platinum Card
2022-09-19,State Farm,75.00,debit,Auto Insurance,Checking
2022-09-19,Barbershop,30.00,debit,Haircut,Platinum Card
2022-09-18,Grocery Store,4.32,debit,Groceries,Platinum Card
2022-09-18,Power Company,60.00,debit,Utilities,Checking
2022-09-17,Grocery Store,10.17,debit,Groceries,Platinum Card
2022-09-17,Grocery Store,8.80,debit,Groceries,Platinum Card
2022-09-17,City Water Charges,35.00,debit,Utilities,Checking
2022-09-14,Credit Card Payment,134.34,credit,Credit Card Payment,Platinum Card
2022-09-14,Biweekly Paycheck,2000.00,credit,Paycheck,Checking
2022-09-13,Grocery Store,5.64,debit,Groceries,Platinum Card
2022-09-12,Grocery Store,47.16,debit,Groceries,Platinum Card
2022-09-12,Phone Company,89.40,debit,Mobile Phone,Checking
2022-09-11,BP,38.86,debit,Gas & Fuel,Platinum Card
2022-09-11,Grocery Store,7.87,debit,Groceries,Platinum Card
2022-09-09,Brewing Company,18.00,debit,Alcohol & Bars,Platinum Card
2022-09-09,Spotify,10.69,debit,Music,Platinum Card
2022-09-07,Gas Company,30.00,debit,Utilities,Checking
2022-09-04,Credit Card Payment,687.29,credit,Credit Card Payment,Platinum Card
2022-09-04,Credit Card Payment,687.29,debit,Credit Card Payment,Checking
2022-09-04,Mortgage Payment,1247.44,debit,Mortgage & Rent,Checking
2022-09-04,Netflix,11.76,debit,Movies & DVDs,Platinum Card
2022-09-02,Amazon,109.83,debit,Shopping,Platinum Card
2022-09-01,Brewing Company,47.40,debit,Alcohol & Bars,Platinum Card
2022-09-01,Amazon,13.13,debit,Shopping,Platinum Card
2022-08-31,Grocery Store,11.64,debit,Groceries,Platinum Card
2022-08-31,Biweekly Paycheck,2000.00,credit,Paycheck,Checking
2022-08-30,Shell,35.65,debit,Gas & Fuel,Platinum Card
2022-08-27,Internet Service Provider,74.99,debit,Internet,Checking
2022-08-24,American Tavern,42.31,debit,Restaurants,Platinum Card
2022-08-22,Credit Card Payment,34.18,debit,Credit Card Payment,Checking
2022-08-21,Credit Card Payment,34.18,credit,Credit Card Payment,Silver Card
2022-08-21,Credit Card Payment,99.76,credit,Credit Card Payment,Platinum Card
2022-08-21,Credit Card Payment,99.76,debit,Credit Card Payment,Checking
2022-08-20,State Farm,75.00,debit,Auto Insurance,Checking
2022-08-18,Amazon,23.47,debit,Shopping,Platinum Card
2022-08-17,Biweekly Paycheck,2000.00,credit,Paycheck,Checking
2022-08-17,Amazon,14.98,debit,Shopping,Platinum Card
2022-08-16,Credit Card Payment,269.56,debit,Credit Card Payment,Checking
2022-08-16,City Water Charges,35.00,debit,Utilities,Checking
2022-08-15,Credit Card Payment,269.56,credit,Credit Card Payment,Silver Card
2022-08-15,Credit Card Payment,159.38,credit,Credit Card Payment,Platinum Card
2022-08-15,Shell,41.07,debit,Gas & Fuel,Platinum Card
2022-08-15,Grocery Store,5.64,debit,Groceries,Platinum Card
2022-08-15,Power Company,60.00,debit,Utilities,Checking
2022-08-11,Chick-Fil-A,13.67,debit,Fast Food,Platinum Card
2022-08-11,Valero,33.66,debit,Gas & Fuel,Platinum Card
2022-08-10,Phone Company,89.40,debit,Mobile Phone,Checking
2022-08-09,Spotify,10.69,debit,Music,Platinum Card
2022-08-09,Gas Company,30.00,debit,Utilities,Checking
2022-08-06,Amazon,76.47,debit,Shopping,Platinum Card
2022-08-04,Netflix,11.76,debit,Movies & DVDs,Platinum Card
2022-08-03,Grocery Store,6.27,debit,Groceries,Silver Card
2022-08-03,Biweekly Paycheck,2000.00,credit,Paycheck,Checking
2022-08-02,Credit Card Payment,816.27,credit,Credit Card Payment,Platinum Card
2022-08-02,Shell,40.44,debit,Gas & Fuel,Silver Card
2022-08-02,Mortgage Payment,1247.44,debit,Mortgage & Rent,Checking
2022-08-01,Amazon,13.13,debit,Shopping,Platinum Card
2022-07-31,Brewing Company,6.60,debit,Alcohol & Bars,Silver Card
2022-07-30,American Tavern,34.38,debit,Restaurants,Silver Card
2022-07-28,Grocery Store,7.61,debit,Groceries,Silver Card
2022-07-26,Conoco,33.67,debit,Gas & Fuel,Silver Card
2022-07-25,Internet Service Provider,74.99,debit,Internet,Checking
2022-07-24,American Tavern,26.59,debit,Restaurants,Platinum Card
2022-07-23,Credit Card Payment,61.43,debit,Credit Card Payment,Checking
2022-07-23,Starbucks,9.58,debit,Fast Food,Platinum Card
2022-07-21,Grocery Store,28.93,debit,Groceries,Platinum Card
2022-07-21,Barbershop,30.00,debit,Haircut,Platinum Card
2022-07-20,Credit Card Payment,61.43,credit,Credit Card Payment,Silver Card
2022-07-20,Credit Card Payment,102.88,credit,Credit Card Payment,Platinum Card
2022-07-20,Credit Card Payment,102.88,debit,Credit Card Payment,Checking
2022-07-20,Biweekly Paycheck,2000.00,credit,Paycheck,Checking
2022-07-18,Irish Restaurant,28.54,debit,Alcohol & Bars,Platinum Card
2022-07-18,State Farm,75.00,debit,Auto Insurance,Checking
2022-07-17,Wendy's,15.23,debit,Fast Food,Silver Card
2022-07-17,City Water Charges,35.00,debit,Utilities,Checking
2022-07-17,Power Company,60.00,debit,Utilities,Checking
2022-07-15,Circle K,36.24,debit,Gas & Fuel,Platinum Card
2022-07-14,Go Mart,33.51,debit,Gas & Fuel,Silver Card
2022-07-11,Phone Company,89.46,debit,Mobile Phone,Checking
2022-07-10,Credit Card Payment,242.16,debit,Credit Card Payment,Checking
2022-07-10,Grocery Store,5.39,debit,Groceries,Silver Card
2022-07-10,Gas Company,30.00,debit,Utilities,Checking
2022-07-09,Credit Card Payment,242.16,credit,Credit Card Payment,Silver Card
2022-07-09,Credit Card Payment,259.87,debit,Credit Card Payment,Checking
2022-07-09,Spotify,10.69,debit,Music,Platinum Card
2022-07-08,Credit Card Payment,259.87,credit,Credit Card Payment,Platinum Card
2022-07-06,Amazon Video,6.41,debit,Movies & DVDs,Platinum Card
2022-07-06,Biweekly Paycheck,2000.00,credit,Paycheck,Checking
2022-07-05,Grocery Store,44.25,debit,Groceries,Silver Card
2022-07-05,Amazon,212.32,debit,Shopping,Platinum Card
2022-07-04,BP,34.48,debit,Gas & Fuel,Silver Card
2022-07-04,Netflix,11.76,debit,Movies & DVDs,Platinum Card
2022-07-02,Mortgage Payment,1247.44,debit,Mortgage & Rent,Checking
2022-07-02,Movie Theater,25.00,debit,Movies & DVDs,Silver Card
2022-07-02,American Tavern,36.44,debit,Restaurants,Silver Card
2022-07-01,Amazon,13.13,debit,Shopping,Platinum Card
2022-06-28,Grocery Store,7.57,debit,Groceries,Silver Card
2022-06-27,Starbucks,3.50,debit,Coffee Shops,Silver Card
2022-06-27,Pizza Place,22.66,debit,Fast Food,Platinum Card
2022-06-26,Grocery Store,9.62,debit,Groceries,Silver Card
2022-06-25,Credit Card Payment,942.76,credit,Credit Card Payment,Platinum Card
2022-06-25,Credit Card Payment,942.76,debit,Credit Card Payment,Checking
2022-06-25,Internet Service Provider,74.99,debit,Internet,Checking
2022-06-23,Brunch Restaurant,8.50,debit,Restaurants,Silver Card
2022-06-23,Amazon,74.97,debit,Shopping,Platinum Card
2022-06-22,Biweekly Paycheck,2000.00,credit,Paycheck,Checking
2022-06-21,Credit Card Payment,89.45,debit,Credit Card Payment,Checking
2022-06-20,State Farm,75.00,debit,Auto Insurance,Checking
2022-06-20,Credit Card Payment,89.45,credit,Credit Card Payment,Silver Card
2022-06-20,Barbershop,30.00,debit,Haircut,Silver Card
2022-06-19,Shell,38.52,debit,Gas & Fuel,Platinum Card
2022-06-19,Grocery Store,2.69,debit,Groceries,Platinum Card
2022-06-18,City Water Charges,35.00,debit,Utilities,Checking
2022-06-16,Starbucks,3.00,debit,Coffee Shops,Platinum Card
2022-06-16,Pizza Place,22.66,debit,Fast Food,Platinum Card
2022-06-16,Grocery Store,13.90,debit,Groceries,Platinum Card
2022-06-15,Power Company,60.00,debit,Utilities,Checking
2022-06-14,Credit Card Payment,283.44,credit,Credit Card Payment,Platinum Card
2022-06-14,Credit Card Payment,283.44,debit,Credit Card Payment,Checking
2022-06-14,Grocery Store,7.02,debit,Groceries,Platinum Card
2022-06-12,Grocery Store,12.55,debit,Groceries,Platinum Card
2022-06-12,Phone Company,89.46,debit,Mobile Phone,Checking
2022-06-10,Grocery Store,46.01,debit,Groceries,Platinum Card
2022-06-09,Chick-Fil-A,16.18,debit,Fast Food,Platinum Card
2022-06-09,Grocery Store,9.56,debit,Groceries,Platinum Card
2022-06-09,Spotify,10.69,debit,Music,Platinum Card
2022-06-08,Biweekly Paycheck,2000.00,credit,Paycheck,Checking
2022-06-08,Gas Company,30.00,debit,Utilities,Checking
2022-06-06,Starbucks,4.00,debit,Coffee Shops,Platinum Card
2022-06-04,Credit Card Payment,235.18,debit,Credit Card Payment,Checking
2022-06-04,Grocery Store,24.12,debit,Groceries,Platinum Card
2022-06-04,Mortgage Payment,1247.44,debit,Mortgage & Rent,Checking
2022-06-04,Netflix,11.76,debit,Movies & DVDs,Platinum Card
2022-06-03,Italian Restaurant,65.81,debit,Restaurants,Platinum Card
2022-06-02,Credit Card Payment,235.18,credit,Credit Card Payment,Silver Card
2022-06-02,Credit Card Payment,466.36,credit,Credit Card Payment,Platinum Card
2022-06-01,BP,38.63,debit,Gas & Fuel,Platinum Card
2022-06-01,Grocery Store,6.11,debit,Groceries,Platinum Card
2022-06-01,Amazon,13.13,debit,Shopping,Platinum Card
2022-05-29,Movie Theater,20.00,debit,Movies & DVDs,Silver Card
2022-05-29,Movie Theater,6.25,debit,Movies & DVDs,Silver Card
2022-05-28,Movie Theater,9.62,debit,Entertainment,Silver Card
2022-05-28,Grocery Store,91.03,debit,Groceries,Silver Card
2022-05-25,Internet Service Provider,74.99,debit,Internet,Checking
2022-05-25,Biweekly Paycheck,2000.00,credit,Paycheck,Checking
2022-05-24,BP,39.44,debit,Gas & Fuel,Silver Card
2022-05-22,Credit Card Payment,283.07,debit,Credit Card Payment,Checking
2022-05-21,Credit Card Payment,283.07,credit,Credit Card Payment,Silver Card
2022-05-21,Thai Restaurant,26.04,debit,Restaurants,Silver Card
2022-05-21,Amazon,32.50,debit,Shopping,Platinum Card
2022-05-19,Credit Card Payment,207.08,credit,Credit Card Payment,Platinum Card
2022-05-19,Grocery Store,31.00,debit,Groceries,Silver Card
2022-05-19,Greek Restaurant,23.26,debit,Restaurants,Silver Card
2022-05-18,State Farm,75.00,debit,Auto Insurance,Checking
2022-05-18,Amazon,6.41,debit,Shopping,Platinum Card
2022-05-17,Barbershop,29.00,debit,Haircut,Silver Card
2022-05-17,City Water Charges,35.00,debit,Utilities,Checking
2022-05-15,Power Company,60.00,debit,Utilities,Checking
2022-05-14,Grocery Store,67.63,debit,Groceries,Silver Card
2022-05-12,Liquor Store,27.77,debit,Alcohol & Bars,Platinum Card
2022-05-12,Shell,33.30,debit,Gas & Fuel,Platinum Card
2022-05-12,Fancy Restaurant,78.00,debit,Restaurants,Platinum Card
2022-05-11,Grocery Store,57.32,debit,Groceries,Platinum Card
2022-05-11,Biweekly Paycheck,2000.00,credit,Paycheck,Checking
2022-05-11,Mike's Construction Co.,8000.00,debit,Home Improvement,Checking
2022-05-10,Phone Company,111.18,debit,Mobile Phone,Checking
2022-05-09,Credit Card Payment,601.40,credit,Credit Card Payment,Platinum Card
2022-05-09,Credit Card Payment,601.40,debit,Credit Card Payment,Checking
2022-05-09,Spotify,10.69,debit,Music,Platinum Card
2022-05-09,Gas Company,30.00,debit,Utilities,Checking
2022-05-06,Hardware Store,22.37,debit,Home Improvement,Platinum Card
2022-05-06,Amazon,117.69,debit,Shopping,Platinum Card
2022-05-05,Bojangles,7.27,debit,Fast Food,Platinum Card
2022-05-05,Pizza Place,20.52,debit,Fast Food,Platinum Card
2022-05-04,Grocery Store,42.23,debit,Groceries,Platinum Card
2022-05-04,Netflix,11.76,debit,Movies & DVDs,Platinum Card
2022-05-03,Amazon,49.72,debit,Shopping,Platinum Card
2022-05-02,Mortgage Payment,1247.44,debit,Mortgage & Rent,Checking
2022-05-01,Amazon,13.13,debit,Shopping,Platinum Card
2022-04-30,Grocery Store,5.09,debit,Groceries,Platinum Card
2022-04-29,QuikTrip,39.00,debit,Gas & Fuel,Platinum Card
2022-04-29,Grocery Store,51.05,debit,Groceries,Platinum Card
2022-04-29,Hardware Store,68.47,debit,Home Improvement,Platinum Card
2022-04-28,Grocery Store,22.98,debit,Groceries,Silver Card
2022-04-27,Credit Card Payment,769.72,debit,Credit Card Payment,Checking
2022-04-27,Biweekly Paycheck,2000.00,credit,Paycheck,Checking
2022-04-26,Credit Card Payment,769.72,credit,Credit Card Payment,Silver Card
2022-04-26,Credit Card Payment,1216.94,credit,Credit Card Payment,Platinum Card
2022-04-26,Credit Card Payment,1216.94,debit,Credit Card Payment,Checking
2022-04-25,Hardware Store,210.79,debit,Home Improvement,Silver Card
2022-04-25,Internet Service Provider,74.99,debit,Internet,Checking
2022-04-24,Hardware Store,224.70,debit,Home Improvement,Platinum Card
2022-04-24,Amazon,41.34,debit,Shopping,Platinum Card
2022-04-23,Hardware Store,42.70,debit,Home Improvement,Silver Card
2022-04-22,Grocery Store,21.32,debit,Groceries,Platinum Card
2022-04-21,Grocery Store,4.32,debit,Groceries,Silver Card
2022-04-21,American Tavern,35.15,debit,Restaurants,Silver Card
2022-04-20,Thai Restaurant,24.22,debit,Restaurants,Silver Card
2022-04-18,Power Company,60.00,debit,Utilities,Checking
2022-04-16,State Farm,75.00,debit,Auto Insurance,Checking
2022-04-16,City Water Charges,35.00,debit,Utilities,Checking
2022-04-14,Hardware Store,11.61,debit,Home Improvement,Platinum Card
2022-04-14,American Tavern,41.00,debit,Restaurants,Platinum Card
2022-04-13,BP,37.98,debit,Gas & Fuel,Platinum Card
2022-04-13,Biweekly Paycheck,2000.00,credit,Paycheck,Checking
2022-04-13,American Tavern,10.66,debit,Restaurants,Platinum Card
2022-04-12,Starbucks,7.00,debit,Coffee Shops,Platinum Card
2022-04-12,Barbershop,30.00,debit,Haircut,Platinum Card
2022-04-11,Phone Company,89.52,debit,Mobile Phone,Checking
2022-04-09,Blue Sky Market,6.48,debit,Groceries,Silver Card
2022-04-09,Spotify,10.69,debit,Music,Platinum Card
2022-04-09,Gas Company,30.00,debit,Utilities,Checking
2022-04-08,Irish Pub,22.00,debit,Restaurants,Platinum Card
2022-04-06,Chevron,4.58,debit,Gas & Fuel,Platinum Card
2022-04-06,Tiny Deli,9.76,debit,Restaurants,Platinum Card
2022-04-04,Credit Card Payment,363.08,credit,Credit Card Payment,Platinum Card
2022-04-04,Credit Card Payment,363.08,debit,Credit Card Payment,Checking
2022-04-04,Netflix,11.76,debit,Movies & DVDs,Platinum Card
2022-04-03,Amazon Video,6.41,debit,Movies & DVDs,Platinum Card
2022-04-02,Credit Card Payment,817.14,credit,Credit Card Payment,Silver Card
2022-04-02,Credit Card Payment,817.14,debit,Credit Card Payment,Checking
2022-04-02,Grocery Store,82.36,debit,Groceries,Platinum Card
2022-04-02,Hardware Store,13.89,debit,Home Improvement,Platinum Card
2022-04-02,Mortgage Payment,1247.44,debit,Mortgage & Rent,Checking
2022-04-01,Grocery Store,80.79,debit,Groceries,Platinum Card
2022-04-01,Brewing Company,59.48,debit,Restaurants,Platinum Card
2022-04-01,Amazon,13.13,debit,Shopping,Platinum Card
2022-03-31,Belgian Restaurant,38.32,debit,Restaurants,Platinum Card
2022-03-31,Chili's,24.74,debit,Restaurants,Platinum Card
2022-03-31,Greek Restaurant,41.16,debit,Restaurants,Silver Card
2022-03-30,Grocery Store,9.09,debit,Groceries,Silver Card
2022-03-30,Biweekly Paycheck,2000.00,credit,Paycheck,Checking
2022-03-29,Steakhouse,17.64,debit,Restaurants,Silver Card
2022-03-28,Grocery Store,16.06,debit,Groceries,Silver Card
2022-03-28,Pizza Place,24.98,debit,Restaurants,Silver Card
2022-03-26,Internet Service Provider,74.99,debit,Internet,Checking
2022-03-23,Credit Card Payment,559.91,credit,Credit Card Payment,Platinum Card
2022-03-23,Credit Card Payment,559.91,debit,Credit Card Payment,Checking
2022-03-23,Grocery Store,11.76,debit,Groceries,Silver Card
2022-03-22,BP,30.55,debit,Gas & Fuel,Silver Card
2022-03-20,Amazon,14.97,debit,Shopping,Platinum Card
2022-03-19,Mediterranean Restaurant,36.48,debit,Restaurants,Silver Card
2022-03-19,City Water Charges,35.00,debit,Utilities,Checking
2022-03-17,Brewing Company,19.50,debit,Alcohol & Bars,Silver Card
2022-03-17,Pizza Place,23.34,debit,Fast Food,Platinum Card
2022-03-16,Biweekly Paycheck,2000.00,credit,Paycheck,Checking
2022-03-15,Starbucks,3.50,debit,Coffee Shops,Platinum Card
2022-03-15,Power Company,60.00,debit,Utilities,Checking
2022-03-14,Grocery Store,22.50,debit,Groceries,Platinum Card
2022-03-14,Brunch Restaurant,8.49,debit,Restaurants,Platinum Card
2022-03-13,Amazon,45.75,debit,Shopping,Platinum Card
2022-03-12,Grocery Store,19.35,debit,Groceries,Platinum Card
2022-03-12,Phone Company,89.52,debit,Mobile Phone,Checking
2022-03-09,Grocery Store,20.72,debit,Groceries,Platinum Card
2022-03-09,Grocery Store,5.09,debit,Groceries,Platinum Card
2022-03-09,Spotify,10.69,debit,Music,Platinum Card
2022-03-08,BP,34.90,debit,Gas & Fuel,Platinum Card
2022-03-08,Gas Company,52.00,debit,Utilities,Checking
2022-03-07,Starbucks,3.50,debit,Coffee Shops,Platinum Card
2022-03-05,Starbucks,3.00,debit,Coffee Shops,Platinum Card
2022-03-05,Credit Card Payment,761.59,credit,Credit Card Payment,Silver Card
2022-03-05,Credit Card Payment,761.59,debit,Credit Card Payment,Checking
2022-03-04,Grocery Store,10.69,debit,Groceries,Platinum Card
2022-03-04,Netflix,11.76,debit,Movies & DVDs,Platinum Card
2022-03-04,BBQ Restaurant,42.24,debit,Restaurants,Platinum Card
2022-03-03,Grocery Store,23.74,debit,Groceries,Silver Card
2022-03-02,Mortgage Payment,1247.44,debit,Mortgage & Rent,Checking
2022-03-02,Biweekly Paycheck,2000.00,credit,Paycheck,Checking
2022-03-01,Grocery Store,32.07,debit,Groceries,Silver Card
2022-03-01,Amazon,13.13,debit,Shopping,Platinum Card
2022-02-27,Credit Card Payment,156.11,debit,Credit Card Payment,Checking
2022-02-26,Credit Card Payment,765.37,credit,Credit Card Payment,Platinum Card
2022-02-26,Credit Card Payment,156.11,credit,Credit Card Payment,Silver Card
2022-02-26,Credit Card Payment,765.37,debit,Credit Card Payment,Checking
2022-02-26,Internet Service Provider,74.99,debit,Internet,Checking
2022-02-26,American Tavern,85.52,debit,Restaurants,Silver Card
2022-02-26,Gas Station,32.21,debit,Gas & Fuel,Silver Card
2022-02-22,Starbucks,4.00,debit,Coffee Shops,Silver Card
2022-02-21,Starbucks,2.00,debit,Coffee Shops,Platinum Card
2022-02-20,Grocery Store,35.95,debit,Groceries,Silver Card
2022-02-20,Mexican Restaurant,23.51,debit,Restaurants,Silver Card
2022-02-16,Biweekly Paycheck,2000.00,credit,Paycheck,Checking
2022-02-16,Brunch Restaurant,8.00,debit,Restaurants,Silver Card
2022-02-16,City Water Charges,35.00,debit,Utilities,Checking
2022-02-15,American Tavern,10.00,debit,Restaurants,Platinum Card
2022-02-15,Power Company,60.00,debit,Utilities,Checking
2022-02-14,Brewing Company,14.00,debit,Alcohol & Bars,Silver Card
2022-02-12,Shell,36.47,debit,Gas & Fuel,Silver Card
2022-02-12,Phone Company,89.52,debit,Mobile Phone,Checking
2022-02-11,Fancy Restaurant,106.80,debit,Restaurants,Platinum Card
2022-02-10,Bojangles,10.66,debit,Fast Food,Platinum Card
2022-02-09,Barbershop,30.00,debit,Haircut,Platinum Card
2022-02-09,Spotify,10.69,debit,Music,Platinum Card
2022-02-07,Credit Card Payment,154.13,debit,Credit Card Payment,Checking
2022-02-07,Gas Company,65.00,debit,Utilities,Checking
2022-02-06,Credit Card Payment,154.13,credit,Credit Card Payment,Silver Card
2022-02-05,Credit Card Payment,145.14,credit,Credit Card Payment,Platinum Card
2022-02-04,Netflix,11.76,debit,Movies & DVDs,Platinum Card
2022-02-03,Japanese Restaurant,57.02,debit,Restaurants,Platinum Card
2022-02-02,Mortgage Payment,1247.44,debit,Mortgage & Rent,Checking
2022-02-02,Biweekly Paycheck,2000.00,credit,Paycheck,Checking
2022-02-01,Grocery Store,27.79,debit,Groceries,Platinum Card
2022-02-01,Amazon,11.11,debit,Shopping,Platinum Card
2022-01-29,Shell,30.42,debit,Gas & Fuel,Silver Card
2022-01-29,Thai Restaurant,25.00,debit,Restaurants,Silver Card
2022-01-29,Brunch Restaurant,17.62,debit,Restaurants,Platinum Card
2022-01-25,Internet Service Provider,69.99,debit,Internet,Checking
2022-01-24,Starbucks,3.00,debit,Coffee Shops,Platinum Card
2022-01-23,Credit Card Payment,309.81,debit,Credit Card Payment,Checking
2022-01-22,Credit Card Payment,554.99,credit,Credit Card Payment,Platinum Card
2022-01-22,Credit Card Payment,309.81,credit,Credit Card Payment,Silver Card
2022-01-22,Credit Card Payment,554.99,debit,Credit Card Payment,Checking
2022-01-22,Hardware Store,17.38,debit,Home Improvement,Silver Card
2022-01-20,Amazon,50.21,debit,Shopping,Platinum Card
2022-01-19,Biweekly Paycheck,2000.00,credit,Paycheck,Checking
2022-01-16,City Water Charges,35.00,debit,Utilities,Checking
2022-01-16,Power Company,60.00,debit,Utilities,Checking
2022-01-15,Grocery Store,44.19,debit,Groceries,Silver Card
2022-01-15,American Tavern,64.11,debit,Restaurants,Silver Card
2022-01-13,Pizza Place,32.91,debit,Fast Food,Platinum Card
2022-01-13,Amazon,39.05,debit,Shopping,Platinum Card
2022-01-12,Biweekly Paycheck,2000.00,credit,Paycheck,Checking
2022-01-11,Shell,34.87,debit,Gas & Fuel,Platinum Card
2022-01-11,Grocery Store,43.54,debit,Groceries,Platinum Card
2022-01-10,Phone Company,89.46,debit,Mobile Phone,Checking
2022-01-09,Spotify,10.69,debit,Music,Platinum Card
2022-01-08,Gas Company,45.00,debit,Utilities,Checking
2022-01-08,Hardware Store,15.38,debit,Home Improvement,Silver Card
2022-01-06,Hardware Store,18.45,debit,Home Improvement,Silver Card
2022-01-05,American Tavern,25.85,debit,Restaurants,Silver Card
2022-01-04,Netflix,11.76,debit,Movies & DVDs,Platinum Card
2022-01-03,Credit Card Payment,2298.09,credit,Credit Card Payment,Platinum Card
2022-01-02,Mortgage Payment,1247.44,debit,Mortgage & Rent,Checking
2022-01-02,Thai Restaurant,24.22,debit,Restaurants,Silver Card
2022-01-01,Amazon,11.11,debit,Shopping,Platinum Card
