8/3/18,1/19/22,2022-01-19,Friday,-1360,Mortgage & Mortgage & Rent,Mortgage & Rent,Chase Debit Card
8/4/18,1/19/22,2022-01-19,Saturday,-117.89,Groceries,,Chase Debit Card
8/4/18,1/19/22,2022-01-19,Saturday,-34.27,Shops,Personal Care,Chase Debit Card
8/4/18,1/20/22,2022-01-20,Saturday,-21.59,Shops,Uncategorized,Chase Debit Card
8/5/18,1/25/22,2022-01-25,Sunday,-10.79,Shops,Uncategorized,Chase Debit Card
8/10/18,1/26/22,2022-01-26,Friday,-30.78,Shops,Uncategorized,Chase Debit Card
8/11/18,1/27/22,2022-01-27,Saturday,-34.76,Shops,Clothing and Accessories,Chase Debit Card
8/12/18,1/30/22,2022-01-30,Sunday,-12.54,Shops,Uncategorized,Chase Debit Card
8/15/18,1/31/22,2022-01-31,Wednesday,-9.98,Shops,Uncategorized,Chase Debit Card
8/16/18,2/8/22,2022-02-08,Thursday,2500,Transfer For Cash Spending,,Chase Debit Card
8/24/18,2/13/22,2022-02-13,Friday,-70,Travel,,Chase Debit Card
8/29/18,2/15/22,2022-02-15,Wednesday,-75.06,Shops,Personal Care,Chase Debit Card
8/31/18,2/19/22,2022-02-19,Friday,-107,Groceries,,Chase Debit Card
9/4/18,2/25/22,2022-02-25,Tuesday,-1360,Mortgage & Mortgage & Rent,Mortgage & Rent,Chase Debit Card
9/10/18,2/25/22,2022-02-25,Monday,-122.52,Groceries,,Chase Debit Card
9/10/18,3/6/22,2022-03-06,Monday,-50,Groceries,,Chase Debit Card
9/19/18,3/9/22,2022-03-09,Wednesday,-21.6,Shops,Electronics & Software,Chase Debit Card
9/22/18,3/11/22,2022-03-11,Saturday,-16.19,Shops,Electronics & Software,Chase Debit Card
9/24/18,3/15/22,2022-03-15,Monday,-46.5,Groceries,,Chase Debit Card
9/28/18,3/16/22,2022-03-16,Friday,-84.77,Groceries,,Chase Debit Card
10/1/18,3/16/22,2022-03-16,Monday,-1380,Mortgage & Mortgage & Rent,Mortgage & Rent,Chase Debit Card
10/1/18,3/16/22,2022-03-16,Monday,-9.1,Pharmacy,,Chase Debit Card
10/1/18,3/16/22,2022-03-16,Monday,-7.72,Food Delivery,,Chase Debit Card
10/1/18,3/17/22,2022-03-17,Monday,113.54,Transfer For Cash Spending,,Chase Debit Card
10/2/18,3/17/22,2022-03-17,Tuesday,-55.1,Shops,Clothing and Accessories,Chase Debit Card
10/2/18,3/18/22,2022-03-18,Tuesday,-36.38,Shops,Clothing and Accessories,Chase Debit Card
10/3/18,3/19/22,2022-03-19,Wednesday,-23.8,Shops,Uncategorized,Chase Debit Card
10/4/18,3/19/22,2022-03-19,Thursday,-20,Groceries,,Chase Debit Card
10/4/18,3/19/22,2022-03-19,Thursday,-15,Transfer For Cash Spending,,Chase Debit Card
10/4/18,3/20/22,2022-03-20,Thursday,7700,Transfer For Cash Spending,,Chase Debit Card
10/5/18,3/20/22,2022-03-20,Friday,-14.99,Shops,Uncategorized,Chase Debit Card
10/5/18,3/21/22,2022-03-21,Friday,-7.6,Ride Share,,Chase Debit Card
10/6/18,3/24/22,2022-03-24,Saturday,-9.8,Shops,Electronics & Software,Chase Debit Card
10/9/18,3/24/22,2022-03-24,Tuesday,-19.33,Food Delivery,,Chase Debit Card
10/9/18,3/24/22,2022-03-24,Tuesday,-15,Transfer For Cash Spending,,Chase Debit Card
10/9/18,3/24/22,2022-03-24,Tuesday,-7.6,Ride Share,,Chase Debit Card
10/9/18,3/24/22,2022-03-24,Tuesday,151.48,Paycheck,,Chase Debit Card
10/9/18,3/25/22,2022-03-25,Tuesday,19460,Tuition,,Chase Debit Card
10/10/18,3/25/22,2022-03-25,Wednesday,-80.81,Groceries,,Chase Debit Card
10/10/18,3/25/22,2022-03-25,Wednesday,-35.34,Groceries,,Chase Debit Card
10/10/18,3/25/22,2022-03-25,Wednesday,-9.99,Shops,Uncategorized,Chase Debit Card
10/10/18,3/26/22,2022-03-26,Wednesday,-1.62,Shops,Uncategorized,Chase Debit Card
10/11/18,3/27/22,2022-03-27,Thursday,-89.43,Groceries,,Chase Debit Card
10/12/18,3/27/22,2022-03-27,Friday,-15.1,Food Delivery,,Chase Debit Card
10/12/18,3/27/22,2022-03-27,Friday,-7.48,Shops,Uncategorized,Chase Debit Card
10/12/18,3/27/22,2022-03-27,Friday,-7.4,Shops,Uncategorized,Chase Debit Card
10/12/18,3/29/22,2022-03-29,Friday,27.95,Paycheck,,Chase Debit Card
10/14/18,3/31/22,2022-03-31,Sunday,-21.59,Shops,Electronics & Software,Chase Debit Card
10/16/18,3/31/22,2022-03-31,Tuesday,-16109.88,Tuition,,Chase Debit Card
10/16/18,4/1/22,2022-04-01,Tuesday,-34.87,Groceries,,Chase Debit Card
10/17/18,4/1/22,2022-04-01,Wednesday,-44.03,Shops,Clothing and Accessories,Chase Debit Card
10/17/18,4/2/22,2022-04-02,Wednesday,-24.95,Shops,Clothing and Accessories,Chase Debit Card
10/18/18,4/2/22,2022-04-02,Thursday,-283.92,Shops,Clothing and Accessories,Chase Debit Card
10/18/18,4/2/22,2022-04-02,Thursday,-27.81,Shops,Uncategorized,Chase Debit Card
10/18/18,4/2/22,2022-04-02,Thursday,-25.99,Shops,Uncategorized,Chase Debit Card
10/18/18,4/3/22,2022-04-03,Thursday,167.2,Paycheck,,Chase Debit Card
10/19/18,4/3/22,2022-04-03,Friday,-32.5,Shops,Uncategorized,Chase Debit Card
10/19/18,4/3/22,2022-04-03,Friday,-10.13,Shops,Uncategorized,Chase Debit Card
10/19/18,4/3/22,2022-04-03,Friday,-8.72,Shops,Uncategorized,Chase Debit Card
10/19/18,4/6/22,2022-04-06,Friday,-7.84,Ride Share,,Chase Debit Card
10/22/18,4/6/22,2022-04-06,Monday,-40.25,Shops,Clothing and Accessories,Chase Debit Card
10/22/18,4/6/22,2022-04-06,Monday,-39.3,Groceries,,Chase Debit Card
10/22/18,4/6/22,2022-04-06,Monday,-27.56,Shops,Clothing and Accessories,Chase Debit Card
10/22/18,4/6/22,2022-04-06,Monday,-25.99,Shops,Clothing and Accessories,Chase Debit Card
10/22/18,4/6/22,2022-04-06,Monday,-18.22,Shops,Clothing and Accessories,Chase Debit Card
10/22/18,4/6/22,2022-04-06,Monday,-16.99,Pharmacy,,Chase Debit Card
10/22/18,4/6/22,2022-04-06,Monday,-13.25,Shops,Uncategorized,Chase Debit Card
10/22/18,4/6/22,2022-04-06,Monday,-11.42,Shops,Clothing and Accessories,Chase Debit Card
10/22/18,4/6/22,2022-04-06,Monday,-10.8,Food Delivery,,Chase Debit Card
10/22/18,4/7/22,2022-04-07,Monday,-10.39,Shops,Clothing and Accessories,Chase Debit Card
10/23/18,4/7/22,2022-04-07,Tuesday,-242.25,Shops,Clothing and Accessories,Chase Debit Card
10/23/18,4/7/22,2022-04-07,Tuesday,-43.84,Shops,Clothing and Accessories,Chase Debit Card
10/23/18,4/8/22,2022-04-08,Tuesday,-10.95,Shops,Electronics & Software,Chase Debit Card
10/24/18,4/9/22,2022-04-09,Wednesday,-12.34,Shops,Uncategorized,Chase Debit Card
10/25/18,4/9/22,2022-04-09,Thursday,-7.69,Pharmacy,,Chase Debit Card
10/25/18,4/10/22,2022-04-10,Thursday,161.66,Paycheck,,Chase Debit Card
10/26/18,4/13/22,2022-04-13,Friday,-12.99,Shops,Electronics & Software,Chase Debit Card
10/29/18,4/13/22,2022-04-13,Monday,-25.11,Food Delivery,,Chase Debit Card
10/29/18,4/13/22,2022-04-13,Monday,-19.76,Shops,Uncategorized,Chase Debit Card
10/29/18,4/13/22,2022-04-13,Monday,-19.44,Ride Share,,Chase Debit Card
10/29/18,4/13/22,2022-04-13,Monday,-16.74,Shops,Uncategorized,Chase Debit Card
10/29/18,4/13/22,2022-04-13,Monday,-8.64,Food Delivery,,Chase Debit Card
10/29/18,4/14/22,2022-04-14,Monday,-3.09,Pharmacy,,Chase Debit Card
10/30/18,4/14/22,2022-04-14,Tuesday,-176.47,Groceries,,Chase Debit Card
10/30/18,4/15/22,2022-04-15,Tuesday,7.01,Groceries,,Chase Debit Card
10/31/18,4/15/22,2022-04-15,Wednesday,-129.51,Groceries,,Chase Debit Card
10/31/18,4/15/22,2022-04-15,Wednesday,-40.07,Groceries,,Chase Debit Card
10/31/18,4/15/22,2022-04-15,Wednesday,-18.25,Food Delivery,,Chase Debit Card
10/31/18,4/16/22,2022-04-16,Wednesday,-8.91,Food Delivery,,Chase Debit Card
11/1/18,4/16/22,2022-04-16,Thursday,-27.48,Shops,Uncategorized,Chase Debit Card
11/1/18,4/16/22,2022-04-16,Thursday,-3.34,Food Delivery,Coffee Shops,Chase Debit Card
11/1/18,4/16/22,2022-04-16,Thursday,-1,Groceries,,Chase Debit Card
11/1/18,4/17/22,2022-04-17,Thursday,137.62,Paycheck,,Chase Debit Card
11/2/18,4/17/22,2022-04-17,Friday,-1360,Mortgage & Mortgage & Rent,Mortgage & Rent,Chase Debit Card
11/2/18,4/20/22,2022-04-20,Friday,-1.95,Mortgage & Mortgage & Rent,Mortgage & Rent,Chase Debit Card
11/5/18,4/20/22,2022-04-20,Monday,-21.33,Shops,Uncategorized,Chase Debit Card
11/5/18,4/20/22,2022-04-20,Monday,-17.53,Shops,Uncategorized,Chase Debit Card
11/5/18,4/21/22,2022-04-21,Monday,-2.48,Shops,Uncategorized,Chase Debit Card
11/6/18,4/22/22,2022-04-22,Tuesday,-40.11,Groceries,,Chase Debit Card
11/7/18,4/23/22,2022-04-23,Wednesday,-62.39,Shops,Uncategorized,Chase Debit Card
11/8/18,4/23/22,2022-04-23,Thursday,-141.42,Groceries,,Chase Debit Card
11/8/18,4/23/22,2022-04-23,Thursday,-32.2,Groceries,,Chase Debit Card
11/8/18,4/23/22,2022-04-23,Thursday,-6.48,Food Delivery,,Chase Debit Card
11/8/18,4/29/22,2022-04-29,Thursday,197.71,Paycheck,,Chase Debit Card
11/14/18,5/1/22,2022-05-01,Wednesday,-51.79,Groceries,,Chase Debit Card
11/16/18,5/1/22,2022-05-01,Friday,-2.15,Food Delivery,Coffee Shops,Chase Debit Card
11/16/18,5/4/22,2022-05-04,Friday,187.55,Paycheck,,Chase Debit Card
11/19/18,5/6/22,2022-05-06,Monday,-15.99,Shops,Uncategorized,Chase Debit Card
11/21/18,5/6/22,2022-05-06,Wednesday,-47.84,Groceries,,Chase Debit Card
11/21/18,5/8/22,2022-05-08,Wednesday,-43.19,Shops,Electronics & Software,Chase Debit Card
11/23/18,5/8/22,2022-05-08,Friday,-1036.79,Shops,Electronics & Software,Chase Debit Card
11/23/18,5/8/22,2022-05-08,Friday,-96.8,Shops,Clothing and Accessories,Chase Debit Card
11/23/18,5/8/22,2022-05-08,Friday,-32.92,Shops,Electronics & Software,Chase Debit Card
11/23/18,5/8/22,2022-05-08,Friday,-9.71,Shops,Electronics & Software,Chase Debit Card
11/23/18,5/8/22,2022-05-08,Friday,-8.98,Shops,Uncategorized,Chase Debit Card
11/23/18,5/8/22,2022-05-08,Friday,-7.99,Shops,Uncategorized,Chase Debit Card
11/23/18,5/8/22,2022-05-08,Friday,-7.99,Shops,Uncategorized,Chase Debit Card
11/23/18,5/9/22,2022-05-09,Friday,31.13,Paycheck,,Chase Debit Card
11/24/18,5/10/22,2022-05-10,Saturday,-10.79,Shops,Electronics & Software,Chase Debit Card
11/25/18,5/10/22,2022-05-10,Sunday,-18.35,Shops,Electronics & Software,Chase Debit Card
11/25/18,5/11/22,2022-05-11,Sunday,-17.26,Shops,Uncategorized,Chase Debit Card
11/26/18,5/12/22,2022-05-12,Monday,-9.95,Shops,Uncategorized,Chase Debit Card
11/27/18,5/13/22,2022-05-13,Tuesday,-7.49,Shops,Uncategorized,Chase Debit Card
11/28/18,5/13/22,2022-05-13,Wednesday,-140.39,Shops,Uncategorized,Chase Debit Card
11/28/18,5/13/22,2022-05-13,Wednesday,-32.39,Shops,Electronics & Software,Chase Debit Card
11/28/18,5/13/22,2022-05-13,Wednesday,-11.98,Shops,Uncategorized,Chase Debit Card
11/28/18,5/13/22,2022-05-13,Wednesday,37.63,Paycheck,,Chase Debit Card
11/28/18,5/14/22,2022-05-14,Wednesday,194.01,Paycheck,,Chase Debit Card
11/29/18,5/14/22,2022-05-14,Thursday,-500,Tuition,,Chase Debit Card
11/29/18,5/14/22,2022-05-14,Thursday,-110,Shops,Electronics & Software,Chase Debit Card
11/29/18,5/14/22,2022-05-14,Thursday,-40,Transfer For Cash Spending,,Chase Debit Card
11/29/18,5/14/22,2022-05-14,Thursday,-21.49,Food Delivery,,Chase Debit Card
11/29/18,5/14/22,2022-05-14,Thursday,-8.63,Shops,Uncategorized,Chase Debit Card
11/29/18,5/15/22,2022-05-15,Thursday,-5.93,Shops,Uncategorized,Chase Debit Card
11/30/18,5/15/22,2022-05-15,Friday,-16.19,Shops,Electronics & Software,Chase Debit Card
11/30/18,5/15/22,2022-05-15,Friday,-8.37,Food Delivery,,Chase Debit Card
11/30/18,5/17/22,2022-05-17,Friday,2.25,Shops,Uncategorized,Chase Debit Card
12/2/18,5/17/22,2022-05-17,Sunday,-33.79,Shops,Uncategorized,Chase Debit Card
12/2/18,5/17/22,2022-05-17,Sunday,-5.99,Shops,Uncategorized,Chase Debit Card
12/2/18,5/18/22,2022-05-18,Sunday,-1.55,Shops,Uncategorized,Chase Debit Card
12/3/18,5/18/22,2022-05-18,Monday,-1360,Mortgage & Mortgage & Rent,Mortgage & Rent,Chase Debit Card
12/3/18,5/18/22,2022-05-18,Monday,-35.98,Shops,Uncategorized,Chase Debit Card
12/3/18,5/19/22,2022-05-19,Monday,-0.99,Entertainment,,Chase Debit Card
12/4/18,5/19/22,2022-05-19,Tuesday,-27.25,Mortgage & Mortgage & Rent,Mortgage & Rent,Chase Debit Card
12/4/18,5/19/22,2022-05-19,Tuesday,-22.99,Shops,Uncategorized,Chase Debit Card
12/4/18,5/19/22,2022-05-19,Tuesday,-16.08,Shops,Uncategorized,Chase Debit Card
12/4/18,5/20/22,2022-05-20,Tuesday,-1.95,Mortgage & Mortgage & Rent,Mortgage & Rent,Chase Debit Card
12/5/18,5/21/22,2022-05-21,Wednesday,-66.56,Groceries,,Chase Debit Card
12/6/18,5/22/22,2022-05-22,Thursday,96.41,Paycheck,,Chase Debit Card
12/7/18,5/22/22,2022-05-22,Friday,-22.98,Shops,Uncategorized,Chase Debit Card
12/7/18,5/24/22,2022-05-24,Friday,2.25,Shops,Uncategorized,Chase Debit Card
12/9/18,5/25/22,2022-05-25,Sunday,-9.29,Shops,Uncategorized,Chase Debit Card
12/10/18,5/25/22,2022-05-25,Monday,-18.87,Groceries,,Chase Debit Card
12/10/18,5/26/22,2022-05-26,Monday,258.17,Paycheck,,Chase Debit Card
12/11/18,5/26/22,2022-05-26,Tuesday,-106.75,Groceries,,Chase Debit Card
12/11/18,5/26/22,2022-05-26,Tuesday,7500,Transfer For Cash Spending,,Chase Debit Card
12/11/18,5/27/22,2022-05-27,Tuesday,-15,Transfer For Cash Spending,,Chase Debit Card
12/12/18,5/28/22,2022-05-28,Wednesday,218.85,Paycheck,,Chase Debit Card
12/13/18,5/28/22,2022-05-28,Thursday,-23.99,Shops,Uncategorized,Chase Debit Card
12/13/18,5/28/22,2022-05-28,Thursday,-9.95,Shops,Uncategorized,Chase Debit Card
12/13/18,5/29/22,2022-05-29,Thursday,-4.11,Shops,Uncategorized,Chase Debit Card
12/14/18,5/29/22,2022-05-29,Friday,-35.92,Groceries,,Chase Debit Card
12/14/18,5/29/22,2022-05-29,Friday,-0.99,Entertainment,,Chase Debit Card
12/14/18,5/30/22,2022-05-30,Friday,-0.99,Entertainment,,Chase Debit Card
12/15/18,5/31/22,2022-05-31,Saturday,-19.2,Shops,Uncategorized,Chase Debit Card
12/16/18,5/31/22,2022-05-31,Sunday,-5.4,Shops,Electronics & Software,Chase Debit Card
12/16/18,6/2/22,2022-06-02,Sunday,-4.85,Food Delivery,,Chase Debit Card
12/18/18,6/2/22,2022-06-02,Tuesday,-151,Travel,,Chase Debit Card
12/18/18,6/3/22,2022-06-03,Tuesday,-15.12,Shops,Uncategorized,Chase Debit Card
12/19/18,6/3/22,2022-06-03,Wednesday,-2760,Mortgage & Mortgage & Rent,Mortgage & Rent,Chase Debit Card
12/19/18,6/3/22,2022-06-03,Wednesday,-53.82,Groceries,,Chase Debit Card
12/19/18,6/3/22,2022-06-03,Wednesday,-40,Transfer For Cash Spending,,Chase Debit Card
12/19/18,6/3/22,2022-06-03,Wednesday,-1.95,Mortgage & Mortgage & Rent,Mortgage & Rent,Chase Debit Card
12/19/18,6/4/22,2022-06-04,Wednesday,218.85,Paycheck,,Chase Debit Card
12/20/18,6/5/22,2022-06-05,Thursday,-14.68,Shops,Uncategorized,Chase Debit Card
12/21/18,6/6/22,2022-06-06,Friday,-6.75,Travel,,Chase Debit Card
12/22/18,6/6/22,2022-06-06,Saturday,-27,Food Delivery,,Chase Debit Card
12/22/18,6/6/22,2022-06-06,Saturday,-21.95,Travel,,Chase Debit Card
12/22/18,6/6/22,2022-06-06,Saturday,-10.87,Travel,,Chase Debit Card
12/22/18,6/7/22,2022-06-07,Saturday,-8.17,Shops,Clothing and Accessories,Chase Debit Card
12/23/18,6/7/22,2022-06-07,Sunday,-56.56,Shops,Clothing and Accessories,Chase Debit Card
12/23/18,6/7/22,2022-06-07,Sunday,-48.2,Travel,,Chase Debit Card
12/23/18,6/7/22,2022-06-07,Sunday,-40.5,Food Delivery,,Chase Debit Card
12/23/18,6/7/22,2022-06-07,Sunday,-7,Travel,,Chase Debit Card
12/23/18,6/7/22,2022-06-07,Sunday,-5.3,Shops,Uncategorized,Chase Debit Card
12/23/18,6/8/22,2022-06-08,Sunday,-3.56,Shops,Clothing and Accessories,Chase Debit Card
12/24/18,6/8/22,2022-06-08,Monday,-30,Travel,,Chase Debit Card
12/24/18,6/8/22,2022-06-08,Monday,-21.79,Groceries,,Chase Debit Card
12/24/18,6/8/22,2022-06-08,Monday,-20,Uncategorized,,Chase Debit Card
12/24/18,6/10/22,2022-06-10,Monday,-5.32,Travel,,Chase Debit Card
12/26/18,6/10/22,2022-06-10,Wednesday,-78.42,Shops,Uncategorized,Chase Debit Card
12/26/18,6/10/22,2022-06-10,Wednesday,-40,Transfer For Cash Spending,,Chase Debit Card
12/26/18,6/12/22,2022-06-12,Wednesday,209.48,Paycheck,,Chase Debit Card
12/28/18,6/12/22,2022-06-12,Friday,-28,Groceries,,Chase Debit Card
12/28/18,6/13/22,2022-06-13,Friday,-8.91,Food Delivery,,Chase Debit Card
12/29/18,6/13/22,2022-06-13,Saturday,-48.88,Shops,Clothing and Accessories,Chase Debit Card
12/29/18,6/13/22,2022-06-13,Saturday,-3.24,Food Delivery,,Chase Debit Card
12/29/18,6/13/22,2022-06-13,Saturday,-3.19,Food Delivery,Coffee Shops,Chase Debit Card
12/29/18,6/14/22,2022-06-14,Saturday,34.68,Mortgage & Mortgage & Rent,Credit Card Payment,Chase Debit Card
12/30/18,6/15/22,2022-06-15,Sunday,-11.56,Shops,Uncategorized,Chase Debit Card
12/31/18,6/15/22,2022-06-15,Monday,-106.31,Groceries,,Chase Debit Card
12/31/18,6/15/22,2022-06-15,Monday,-47.4,Shops,Clothing and Accessories,Chase Debit Card
12/31/18,6/15/22,2022-06-15,Monday,-29.97,Groceries,,Chase Debit Card
12/31/18,6/15/22,2022-06-15,Monday,-24.24,Groceries,,Chase Debit Card
12/31/18,6/16/22,2022-06-16,Monday,-2.59,Shops,Uncategorized,Chase Debit Card
1/1/19,6/17/22,2022-06-17,Tuesday,-16.2,Shops,Personal Care,Chase Debit Card
1/2/19,6/17/22,2022-06-17,Wednesday,-72.05,Shops,Clothing and Accessories,Chase Debit Card
1/2/19,6/17/22,2022-06-17,Wednesday,-45.83,Shops,Personal Care,Chase Debit Card
1/2/19,6/17/22,2022-06-17,Wednesday,-43.58,Shops,Personal Care,Chase Debit Card
1/2/19,6/17/22,2022-06-17,Wednesday,-11.74,Shops,Uncategorized,Chase Debit Card
1/2/19,6/18/22,2022-06-18,Wednesday,-9.35,Shops,Clothing and Accessories,Chase Debit Card
1/3/19,6/18/22,2022-06-18,Thursday,-34.7,Groceries,,Chase Debit Card
1/3/19,6/18/22,2022-06-18,Thursday,-31.11,Shops,Uncategorized,Chase Debit Card
1/3/19,6/18/22,2022-06-18,Thursday,-9.99,Shops,Uncategorized,Chase Debit Card
1/3/19,6/18/22,2022-06-18,Thursday,-4.2,Food Delivery,,Chase Debit Card
1/3/19,6/20/22,2022-06-20,Thursday,-3.78,Food Delivery,,Chase Debit Card
1/5/19,6/20/22,2022-06-20,Saturday,-17.17,Food Delivery,,Chase Debit Card
1/5/19,6/20/22,2022-06-20,Saturday,-10,Food Delivery,,Chase Debit Card
1/5/19,6/22/22,2022-06-22,Saturday,-8.59,Food Delivery,,Chase Debit Card
1/7/19,6/22/22,2022-06-22,Monday,-460.8,Travel,,Chase Debit Card
1/7/19,6/23/22,2022-06-23,Monday,-10.79,Shops,Uncategorized,Chase Debit Card
1/8/19,6/23/22,2022-06-23,Tuesday,-117.27,Shops,Personal Care,Chase Debit Card
1/8/19,6/23/22,2022-06-23,Tuesday,-100,Travel,,Chase Debit Card
1/8/19,6/23/22,2022-06-23,Tuesday,-52.52,Shops,Clothing and Accessories,Chase Debit Card
1/8/19,6/23/22,2022-06-23,Tuesday,-44.19,Groceries,,Chase Debit Card
1/8/19,6/23/22,2022-06-23,Tuesday,-28.05,Shops,Clothing and Accessories,Chase Debit Card
1/8/19,6/23/22,2022-06-23,Tuesday,-17.52,Ride Share,,Chase Debit Card
1/8/19,6/23/22,2022-06-23,Tuesday,-13.51,Shops,Clothing and Accessories,Chase Debit Card
1/8/19,6/23/22,2022-06-23,Tuesday,-9.99,Tuition,,Chase Debit Card
1/8/19,6/23/22,2022-06-23,Tuesday,-7.75,Shops,Clothing and Accessories,Chase Debit Card
1/8/19,6/24/22,2022-06-24,Tuesday,-3.51,Food Delivery,Coffee Shops,Chase Debit Card
1/9/19,6/24/22,2022-06-24,Wednesday,-17,Food Delivery,,Chase Debit Card
1/9/19,6/24/22,2022-06-24,Wednesday,-9.66,Ride Share,,Chase Debit Card
1/9/19,6/24/22,2022-06-24,Wednesday,-2.16,Food Delivery,,Chase Debit Card
1/9/19,6/25/22,2022-06-25,Wednesday,50.96,Paycheck,,Chase Debit Card
1/10/19,6/26/22,2022-06-26,Thursday,-9.14,Ride Share,,Chase Debit Card
1/11/19,6/26/22,2022-06-26,Friday,-44.4,Mortgage & Mortgage & Rent,Mobile Phone,Chase Debit Card
1/11/19,6/26/22,2022-06-26,Friday,-8.03,Ride Share,,Chase Debit Card
1/11/19,6/28/22,2022-06-28,Friday,13.99,Shops,Uncategorized,Chase Debit Card
1/13/19,6/29/22,2022-06-29,Sunday,-24.98,Shops,Uncategorized,Chase Debit Card
1/14/19,6/29/22,2022-06-29,Monday,-372.59,Shops,Electronics & Software,Chase Debit Card
1/14/19,6/30/22,2022-06-30,Monday,101,Paycheck,,Chase Debit Card
1/15/19,6/30/22,2022-06-30,Tuesday,-34.99,Groceries,,Chase Debit Card
1/15/19,6/30/22,2022-06-30,Tuesday,-21.01,Food Delivery,,Chase Debit Card
1/15/19,7/1/22,2022-07-01,Tuesday,-7.99,Shops,Uncategorized,Chase Debit Card
1/16/19,7/2/22,2022-07-02,Wednesday,-20.6,Shops,Uncategorized,Chase Debit Card
1/17/19,7/3/22,2022-07-03,Thursday,-1.64,Uncategorized,,Chase Debit Card
1/18/19,7/3/22,2022-07-03,Friday,-18.07,Food Delivery,,Chase Debit Card
1/18/19,7/5/22,2022-07-05,Friday,-7.6,Ride Share,,Chase Debit Card
1/20/19,7/5/22,2022-07-05,Sunday,-102.59,Shops,Electronics & Software,Chase Debit Card
1/20/19,7/5/22,2022-07-05,Sunday,-10.57,Food Delivery,,Chase Debit Card
1/20/19,7/7/22,2022-07-07,Sunday,-3.01,Food Delivery,,Chase Debit Card
1/22/19,7/7/22,2022-07-07,Tuesday,-72.08,Shops,Clothing and Accessories,Chase Debit Card
1/22/19,7/7/22,2022-07-07,Tuesday,-60.57,Groceries,,Chase Debit Card
1/22/19,7/8/22,2022-07-08,Tuesday,-10.99,Entertainment,,Chase Debit Card
1/23/19,7/8/22,2022-07-08,Wednesday,-14.42,Shops,Uncategorized,Chase Debit Card
1/23/19,7/8/22,2022-07-08,Wednesday,27.86,Paycheck,,Chase Debit Card
1/23/19,7/9/22,2022-07-09,Wednesday,83.58,Paycheck,,M&T Debit Card
1/24/19,7/9/22,2022-07-09,Thursday,-10.23,Ride Share,,Chase Debit Card
1/24/19,7/10/22,2022-07-10,Thursday,9.95,Shops,Uncategorized,Chase Debit Card
1/25/19,7/10/22,2022-07-10,Friday,-2.43,Food Delivery,,Chase Debit Card
1/25/19,7/13/22,2022-07-13,Friday,11.74,Shops,Uncategorized,Chase Debit Card
1/28/19,7/13/22,2022-07-13,Monday,-53.55,Groceries,,Chase Debit Card
1/28/19,7/13/22,2022-07-13,Monday,-7.88,Shops,Uncategorized,Chase Debit Card
1/28/19,7/14/22,2022-07-14,Monday,-7.6,Ride Share,,Chase Debit Card
1/29/19,7/14/22,2022-07-14,Tuesday,-10.68,Food Delivery,,Chase Debit Card
1/29/19,7/14/22,2022-07-14,Tuesday,-10.25,Food Delivery,,M&T Debit Card
1/29/19,7/15/22,2022-07-15,Tuesday,14.77,Mortgage & Mortgage & Rent,Credit Card Payment,Chase Debit Card
1/30/19,7/15/22,2022-07-15,Wednesday,42.1,Paycheck,,Chase Debit Card
1/30/19,7/16/22,2022-07-16,Wednesday,126.3,Paycheck,,M&T Debit Card
2/1/19,7/19/22,2022-07-19,Friday,-25,Food Delivery,Credit Card Payment,Chase Debit Card
2/4/19,7/19/22,2022-07-19,Monday,-144.04,Groceries,,Chase Debit Card
2/4/19,7/20/22,2022-07-20,Monday,-17.98,Groceries,,Chase Debit Card
2/5/19,7/21/22,2022-07-21,Tuesday,-60.66,Groceries,,Chase Debit Card
2/6/19,7/21/22,2022-07-21,Wednesday,-17.01,Food Delivery,,Chase Debit Card
2/6/19,7/21/22,2022-07-21,Wednesday,-7.35,Groceries,,Chase Debit Card
2/6/19,7/21/22,2022-07-21,Wednesday,46.85,Paycheck,,Chase Debit Card
2/6/19,7/24/22,2022-07-24,Wednesday,140.56,Paycheck,,M&T Debit Card
2/9/19,7/24/22,2022-07-24,Saturday,-23.17,Shops,Personal Care,Chase Debit Card
2/9/19,7/24/22,2022-07-24,Saturday,-17,Entertainment,,Chase Debit Card
2/9/19,7/26/22,2022-07-26,Saturday,-3.23,Shops,Electronics & Software,Chase Debit Card
2/11/19,7/26/22,2022-07-26,Monday,-44.4,Mortgage & Mortgage & Rent,Mobile Phone,Chase Debit Card
2/11/19,7/26/22,2022-07-26,Monday,-43.98,Shops,Uncategorized,Chase Debit Card
2/11/19,7/26/22,2022-07-26,Monday,-10.28,Ride Share,,Chase Debit Card
2/11/19,7/26/22,2022-07-26,Monday,-10.08,Ride Share,,Chase Debit Card
2/11/19,7/27/22,2022-07-27,Monday,-4.99,Entertainment,,Chase Debit Card
2/12/19,7/28/22,2022-07-28,Tuesday,-37.33,Groceries,,Chase Debit Card
2/13/19,7/28/22,2022-07-28,Wednesday,-25,Food Delivery,Credit Card Payment,Chase Debit Card
2/13/19,7/28/22,2022-07-28,Wednesday,55.43,Paycheck,,Chase Debit Card
2/13/19,7/29/22,2022-07-29,Wednesday,166.29,Paycheck,,M&T Debit Card
2/14/19,7/30/22,2022-07-30,Thursday,100,Paycheck,,M&T Debit Card
2/15/19,7/30/22,2022-07-30,Friday,-8.1,Food Delivery,,Chase Debit Card
2/15/19,8/1/22,2022-08-01,Friday,-6,Entertainment,,M&T Debit Card
2/17/19,8/1/22,2022-08-01,Sunday,-34.19,Shops,Uncategorized,Chase Debit Card
2/17/19,8/3/22,2022-08-03,Sunday,-12.85,Shops,Uncategorized,Chase Debit Card
2/19/19,8/3/22,2022-08-03,Tuesday,-49.09,Groceries,,Chase Debit Card
2/19/19,8/3/22,2022-08-03,Tuesday,-45.61,Groceries,,Chase Debit Card
2/19/19,8/3/22,2022-08-03,Tuesday,-30,Food Delivery,,Chase Debit Card
2/19/19,8/4/22,2022-08-04,Tuesday,5050,Transfer For Cash Spending,,Chase Debit Card
2/20/19,8/4/22,2022-08-04,Wednesday,39.06,Paycheck,,Chase Debit Card
2/20/19,8/6/22,2022-08-06,Wednesday,117.18,Paycheck,,M&T Debit Card
2/22/19,8/6/22,2022-08-06,Friday,-31.04,Food Delivery,,Chase Debit Card
2/22/19,8/10/22,2022-08-10,Friday,-10.99,Entertainment,,Chase Debit Card
2/26/19,8/11/22,2022-08-11,Tuesday,-35.11,Groceries,,Chase Debit Card
2/27/19,8/11/22,2022-08-11,Wednesday,-10.52,Food Delivery,,Chase Debit Card
2/27/19,8/11/22,2022-08-11,Wednesday,10.44,Paycheck,,Chase Debit Card
2/27/19,8/12/22,2022-08-12,Wednesday,31.32,Paycheck,,M&T Debit Card
2/28/19,8/12/22,2022-08-12,Thursday,-25,Food Delivery,Credit Card Payment,Chase Debit Card
2/28/19,8/16/22,2022-08-16,Thursday,1.65,Mortgage & Mortgage & Rent,Credit Card Payment,Chase Debit Card
3/1/19,8/16/22,2022-08-16,Friday,-13,Shops,Uncategorized,Chase Debit Card
3/1/19,8/16/22,2022-08-16,Friday,-8.63,Food Delivery,,M&T Debit Card
3/1/19,8/16/22,2022-08-16,Friday,-6.37,Food Delivery,Coffee Shops,Chase Debit Card
3/1/19,8/19/22,2022-08-19,Friday,29.34,Shops,Uncategorized,Chase Debit Card
3/4/19,8/19/22,2022-08-19,Monday,-2730,Mortgage & Mortgage & Rent,Mortgage & Rent,Chase Debit Card
3/4/19,8/19/22,2022-08-19,Monday,-99,Groceries,,Chase Debit Card
3/4/19,8/19/22,2022-08-19,Monday,-55,Groceries,,Chase Debit Card
3/4/19,8/19/22,2022-08-19,Monday,-15,Transfer For Cash Spending,,Chase Debit Card
3/4/19,8/19/22,2022-08-19,Monday,-1.95,Mortgage & Mortgage & Rent,Mortgage & Rent,Chase Debit Card
3/4/19,8/21/22,2022-08-21,Monday,20950,Tuition,,Chase Debit Card
3/6/19,8/21/22,2022-08-21,Wednesday,10.73,Paycheck,,Chase Debit Card
3/6/19,8/22/22,2022-08-22,Wednesday,32.19,Paycheck,,M&T Debit Card
3/7/19,8/22/22,2022-08-22,Thursday,-25,Food Delivery,Credit Card Payment,Chase Debit Card
3/7/19,8/22/22,2022-08-22,Thursday,-7.14,Ride Share,,Chase Debit Card
3/7/19,8/23/22,2022-08-23,Thursday,10,Shops,Uncategorized,Chase Debit Card
3/8/19,8/23/22,2022-08-23,Friday,-51.76,Shops,Personal Care,Chase Debit Card
3/8/19,8/23/22,2022-08-23,Friday,-45,Food Delivery,,Chase Debit Card
3/8/19,8/24/22,2022-08-24,Friday,-6.48,Shops,Clothing and Accessories,Chase Debit Card
3/9/19,8/24/22,2022-08-24,Saturday,-19.99,Shops,Uncategorized,Chase Debit Card
3/9/19,8/26/22,2022-08-26,Saturday,-5.3,Shops,Uncategorized,Chase Debit Card
3/11/19,8/26/22,2022-08-26,Monday,-19340,Tuition,,Chase Debit Card
3/11/19,8/26/22,2022-08-26,Monday,-25,Food Delivery,Coffee Shops,Chase Debit Card
3/11/19,8/26/22,2022-08-26,Monday,-24.7,Food Delivery,,M&T Debit Card
3/11/19,8/26/22,2022-08-26,Monday,-22.48,Groceries,,Chase Debit Card
3/11/19,8/26/22,2022-08-26,Monday,-17.98,Groceries,,Chase Debit Card
3/11/19,8/26/22,2022-08-26,Monday,-10.41,Ride Share,,Chase Debit Card
3/11/19,8/26/22,2022-08-26,Monday,-8.28,Ride Share,,Chase Debit Card
3/11/19,8/26/22,2022-08-26,Monday,-6.93,Shops,Uncategorized,Chase Debit Card
3/11/19,8/26/22,2022-08-26,Monday,-4.99,Entertainment,,Chase Debit Card
3/11/19,8/27/22,2022-08-27,Monday,5.18,Shops,Uncategorized,Chase Debit Card
3/12/19,8/28/22,2022-08-28,Tuesday,-44.4,Mortgage & Mortgage & Rent,Mobile Phone,Chase Debit Card
3/13/19,8/28/22,2022-08-28,Wednesday,-9.5,Food Delivery,Coffee Shops,M&T Debit Card
3/13/19,8/28/22,2022-08-28,Wednesday,10.44,Paycheck,,Chase Debit Card
3/13/19,8/29/22,2022-08-29,Wednesday,31.32,Paycheck,,M&T Debit Card
3/14/19,8/29/22,2022-08-29,Thursday,-47.59,Groceries,,Chase Debit Card
3/14/19,8/29/22,2022-08-29,Thursday,-10.8,Shops,Personal Care,M&T Debit Card
3/14/19,8/31/22,2022-08-31,Thursday,-10.75,Food Delivery,,M&T Debit Card
3/16/19,9/1/22,2022-09-01,Saturday,-15.1,Food Delivery,,Chase Debit Card
3/17/19,9/2/22,2022-09-02,Sunday,7.99,Shops,Uncategorized,Chase Debit Card
3/18/19,9/2/22,2022-09-02,Monday,-64.8,Entertainment,,Chase Debit Card
3/18/19,9/2/22,2022-09-02,Monday,-46.53,Groceries,,Chase Debit Card
3/18/19,9/2/22,2022-09-02,Monday,-18.72,Groceries,,Chase Debit Card
3/18/19,9/2/22,2022-09-02,Monday,-6.41,Ride Share,,Chase Debit Card
3/18/19,9/2/22,2022-09-02,Monday,0.76,Groceries,,Chase Debit Card
3/18/19,9/2/22,2022-09-02,Monday,6.3,Entertainment,,Chase Debit Card
3/18/19,9/3/22,2022-09-03,Monday,21.6,Entertainment,,Chase Debit Card
3/19/19,9/3/22,2022-09-03,Tuesday,-39.65,Groceries,,Chase Debit Card
3/19/19,9/3/22,2022-09-03,Tuesday,-36.67,Food Delivery,,Chase Debit Card
3/19/19,9/4/22,2022-09-04,Tuesday,-8.23,Ride Share,,Chase Debit Card
3/20/19,9/6/22,2022-09-06,Wednesday,-5.99,Shops,Uncategorized,Chase Debit Card
3/22/19,9/6/22,2022-09-06,Friday,-25,Food Delivery,Credit Card Payment,Chase Debit Card
3/22/19,9/6/22,2022-09-06,Friday,-15.6,Shops,Uncategorized,Chase Debit Card
3/22/19,9/6/22,2022-09-06,Friday,-12.99,Entertainment,,Chase Debit Card
3/22/19,9/6/22,2022-09-06,Friday,-10.8,Shops,,M&T Debit Card
3/22/19,9/6/22,2022-09-06,Friday,-5.84,Shops,Personal Care,M&T Debit Card
3/22/19,9/9/22,2022-09-09,Friday,-5.44,Pharmacy,,Chase Debit Card
3/25/19,9/9/22,2022-09-09,Monday,-25,Food Delivery,Credit Card Payment,Chase Debit Card
3/25/19,9/9/22,2022-09-09,Monday,-19.43,Food Delivery,,Chase Debit Card
3/25/19,9/9/22,2022-09-09,Monday,-12.41,Food Delivery,,Chase Debit Card
3/25/19,9/9/22,2022-09-09,Monday,-8.6,Ride Share,,Chase Debit Card
3/25/19,9/9/22,2022-09-09,Monday,-8.4,Food Delivery,,Chase Debit Card
3/25/19,9/9/22,2022-09-09,Monday,-6.78,Ride Share,,Chase Debit Card
3/25/19,9/10/22,2022-09-10,Monday,-5.32,Ride Share,,Chase Debit Card
3/26/19,9/11/22,2022-09-11,Tuesday,-7.56,Shops,Sub Box,Chase Debit Card
3/27/19,9/11/22,2022-09-11,Wednesday,11.02,Paycheck,,Chase Debit Card
3/27/19,9/13/22,2022-09-13,Wednesday,33.06,Paycheck,,M&T Debit Card
3/29/19,9/13/22,2022-09-13,Friday,-25,Food Delivery,Credit Card Payment,Chase Debit Card
3/29/19,9/13/22,2022-09-13,Friday,-16,Food Delivery,,Chase Debit Card
3/29/19,9/13/22,2022-09-13,Friday,-4.32,Food Delivery,Coffee Shops,Chase Debit Card
3/29/19,9/16/22,2022-09-16,Friday,-2.37,Food Delivery,,Chase Debit Card
4/1/19,9/16/22,2022-09-16,Monday,-90.7,Groceries,,Chase Debit Card
4/1/19,9/16/22,2022-09-16,Monday,-48.97,Groceries,,Chase Debit Card
4/1/19,9/16/22,2022-09-16,Monday,-7.24,Ride Share,,Chase Debit Card
4/1/19,9/17/22,2022-09-17,Monday,-5,Shops,Sub Box,M&T Debit Card
4/2/19,9/17/22,2022-09-17,Tuesday,-5.57,Ride Share,,M&T Debit Card
4/2/19,9/18/22,2022-09-18,Tuesday,-4.99,Food Delivery,,M&T Debit Card
4/3/19,9/18/22,2022-09-18,Wednesday,-7.34,Ride Share,,M&T Debit Card
4/3/19,9/18/22,2022-09-18,Wednesday,11.02,Paycheck,,Chase Debit Card
4/3/19,9/19/22,2022-09-19,Wednesday,33.06,Paycheck,,M&T Debit Card
4/4/19,9/19/22,2022-09-19,Thursday,-15,Shops,Personal Care,M&T Debit Card
4/4/19,9/19/22,2022-09-19,Thursday,-10.8,Shops,Sub Box,M&T Debit Card
4/4/19,9/19/22,2022-09-19,Thursday,-10.8,Shops,Sub Box,M&T Debit Card
4/4/19,9/19/22,2022-09-19,Thursday,-7.23,Food Delivery,,Chase Debit Card
4/4/19,9/20/22,2022-09-20,Thursday,-0.56,Uncategorized,,M&T Debit Card
4/5/19,9/20/22,2022-09-20,Friday,-52,Entertainment,,Chase Debit Card
4/5/19,9/20/22,2022-09-20,Friday,-25,Food Delivery,Credit Card Payment,Chase Debit Card
4/5/19,9/21/22,2022-09-21,Friday,2.74,Mortgage & Mortgage & Rent,Credit Card Payment,Chase Debit Card
4/6/19,9/22/22,2022-09-22,Saturday,-22.19,Food Delivery,,Chase Debit Card
4/7/19,9/22/22,2022-09-22,Sunday,-17.26,Food Delivery,,Chase Debit Card
4/7/19,9/22/22,2022-09-22,Sunday,-7.65,Food Delivery,Coffee Shops,Chase Debit Card
4/7/19,9/23/22,2022-09-23,Sunday,-7.37,Groceries,,Chase Debit Card
4/8/19,9/23/22,2022-09-23,Monday,-13.67,Shops,Uncategorized,Chase Debit Card
4/8/19,9/23/22,2022-09-23,Monday,-10.8,Shops,Personal Care,M&T Debit Card
4/8/19,9/23/22,2022-09-23,Monday,-8.25,Entertainment,,Chase Debit Card
4/8/19,9/23/22,2022-09-23,Monday,-7.11,Ride Share,,Chase Debit Card
4/8/19,9/24/22,2022-09-24,Monday,35.95,Paycheck,,Chase Debit Card
4/9/19,9/25/22,2022-09-25,Tuesday,-6.07,Ride Share,,Chase Debit Card
4/10/19,9/25/22,2022-09-25,Wednesday,-56.66,Groceries,,Chase Debit Card
4/10/19,9/25/22,2022-09-25,Wednesday,-44.4,Mortgage & Mortgage & Rent,Mobile Phone,Chase Debit Card
4/10/19,9/25/22,2022-09-25,Wednesday,-25,Food Delivery,Credit Card Payment,Chase Debit Card
4/10/19,9/25/22,2022-09-25,Wednesday,-17,Food Delivery,,Chase Debit Card
4/10/19,9/25/22,2022-09-25,Wednesday,-5.28,Uncategorized,,Chase Debit Card
4/10/19,9/25/22,2022-09-25,Wednesday,-2.43,Food Delivery,Coffee Shops,Chase Debit Card
4/10/19,9/25/22,2022-09-25,Wednesday,3.95,Shops,Uncategorized,M&T Debit Card
4/10/19,9/27/22,2022-09-27,Wednesday,14.52,Shops,Uncategorized,M&T Debit Card
4/12/19,9/27/22,2022-09-27,Friday,-25,Food Delivery,Credit Card Payment,Chase Debit Card
4/12/19,9/30/22,2022-09-30,Friday,-24.99,Shops,Uncategorized,Chase Debit Card
4/15/19,9/30/22,2022-09-30,Monday,-67.91,Groceries,,Chase Debit Card
4/15/19,9/30/22,2022-09-30,Monday,-25,Food Delivery,Coffee Shops,Chase Debit Card
4/15/19,10/1/22,2022-10-01,Monday,-25,Food Delivery,Credit Card Payment,Chase Debit Card
4/16/19,10/1/22,2022-10-01,Tuesday,-23.73,Food Delivery,,Chase Debit Card
4/16/19,10/2/22,2022-10-02,Tuesday,-7.56,Shops,Sub Box,Chase Debit Card
4/17/19,10/2/22,2022-10-02,Wednesday,-25,Food Delivery,Credit Card Payment,Chase Debit Card
4/17/19,10/4/22,2022-10-04,Wednesday,-7.12,Shops,Uncategorized,Chase Debit Card
4/19/19,10/4/22,2022-10-04,Friday,-25.73,Food Delivery,,Chase Debit Card
4/19/19,10/4/22,2022-10-04,Friday,-13.14,Food Delivery,,Chase Debit Card
4/19/19,10/5/22,2022-10-05,Friday,-7.29,Ride Share,,Chase Debit Card
4/20/19,10/6/22,2022-10-06,Saturday,-7.29,Ride Share,,Chase Debit Card
4/21/19,10/7/22,2022-10-07,Sunday,-7.8,Ride Share,,Chase Debit Card
4/22/19,10/7/22,2022-10-07,Monday,-25.47,Groceries,,Chase Debit Card
4/22/19,10/7/22,2022-10-07,Monday,-12.99,Entertainment,,Chase Debit Card
4/22/19,10/8/22,2022-10-08,Monday,-3.72,Entertainment,,Chase Debit Card
4/23/19,10/8/22,2022-10-08,Tuesday,-25,Food Delivery,Credit Card Payment,Chase Debit Card
4/23/19,10/9/22,2022-10-09,Tuesday,-16.74,Food Delivery,,Chase Debit Card
4/24/19,10/11/22,2022-10-11,Wednesday,-19.7,Food Delivery,,Chase Debit Card
4/26/19,10/11/22,2022-10-11,Friday,-48.47,Groceries,,Chase Debit Card
4/26/19,10/13/22,2022-10-13,Friday,-10,Uncategorized,,Chase Debit Card
4/28/19,10/13/22,2022-10-13,Sunday,-20.78,Food Delivery,,Chase Debit Card
4/28/19,10/13/22,2022-10-13,Sunday,-18.89,Shops,Clothing and Accessories,Chase Debit Card
4/28/19,10/13/22,2022-10-13,Sunday,-7.29,Ride Share,,Chase Debit Card
4/28/19,10/14/22,2022-10-14,Sunday,-1.62,Food Delivery,,Chase Debit Card
4/29/19,10/14/22,2022-10-14,Monday,-9.71,Entertainment,,Chase Debit Card
4/29/19,10/15/22,2022-10-15,Monday,-3.1,Food Delivery,Coffee Shops,Chase Debit Card
4/30/19,10/15/22,2022-10-15,Tuesday,-10.67,Food Delivery,,Chase Debit Card
4/30/19,10/15/22,2022-10-15,Tuesday,-8.99,Groceries,,Chase Debit Card
4/30/19,10/15/22,2022-10-15,Tuesday,-3.66,Food Delivery,Coffee Shops,Chase Debit Card
4/30/19,10/16/22,2022-10-16,Tuesday,5.4,Shops,Clothing and Accessories,Chase Debit Card
5/1/19,10/17/22,2022-10-17,Wednesday,-6.47,Food Delivery,,Chase Debit Card
5/2/19,10/18/22,2022-10-18,Thursday,-15.1,Groceries,,Chase Debit Card
5/3/19,10/18/22,2022-10-18,Friday,-1360,Mortgage & Mortgage & Rent,Mortgage & Rent,Chase Debit Card
5/3/19,10/21/22,2022-10-21,Friday,-1.95,Mortgage & Mortgage & Rent,Mortgage & Rent,Chase Debit Card
5/6/19,10/21/22,2022-10-21,Monday,-45.36,Groceries,,Chase Debit Card
5/6/19,10/21/22,2022-10-21,Monday,-43.73,Groceries,,Chase Debit Card
5/6/19,10/21/22,2022-10-21,Monday,-25,Food Delivery,Credit Card Payment,Chase Debit Card
5/6/19,10/21/22,2022-10-21,Monday,-24.56,Food Delivery,,Chase Debit Card
5/6/19,10/21/22,2022-10-21,Monday,-10.8,Shops,Sub Box,M&T Debit Card
5/6/19,10/21/22,2022-10-21,Monday,-10.8,Shops,Sub Box,M&T Debit Card
5/6/19,10/21/22,2022-10-21,Monday,-10.32,Ride Share,,Chase Debit Card
5/6/19,10/21/22,2022-10-21,Monday,-8.23,Ride Share,,Chase Debit Card
5/6/19,10/22/22,2022-10-22,Monday,-6.03,Groceries,,Chase Debit Card
5/7/19,10/22/22,2022-10-22,Tuesday,-80.48,Groceries,,M&T Debit Card
5/7/19,10/24/22,2022-10-24,Tuesday,3.56,Mortgage & Mortgage & Rent,Credit Card Payment,Chase Debit Card
5/9/19,10/25/22,2022-10-25,Thursday,-54.83,Groceries,,Chase Debit Card
5/10/19,10/25/22,2022-10-25,Friday,-44.4,Mortgage & Mortgage & Rent,Mobile Phone,Chase Debit Card
5/10/19,10/25/22,2022-10-25,Friday,-22,Shops,Clothing and Accessories,Chase Debit Card
5/10/19,10/25/22,2022-10-25,Friday,-16.19,Shops,Personal Care,Chase Debit Card
5/10/19,10/26/22,2022-10-26,Friday,-6.07,Ride Share,,Chase Debit Card
5/11/19,10/26/22,2022-10-26,Saturday,-24,Food Delivery,,Chase Debit Card
5/11/19,10/26/22,2022-10-26,Saturday,-15.57,Shops,Uncategorized,Chase Debit Card
5/11/19,10/26/22,2022-10-26,Saturday,-14.52,Shops,Uncategorized,Chase Debit Card
5/11/19,10/26/22,2022-10-26,Saturday,-9.36,Ride Share,,Chase Debit Card
5/11/19,10/28/22,2022-10-28,Saturday,-7.15,Ride Share,,Chase Debit Card
5/13/19,10/28/22,2022-10-28,Monday,2.43,Shops,Uncategorized,Chase Debit Card
5/13/19,10/29/22,2022-10-29,Monday,60,Paycheck,,Chase Debit Card
5/14/19,10/30/22,2022-10-30,Tuesday,-2,Food Delivery,Coffee Shops,Chase Debit Card
5/15/19,10/30/22,2022-10-30,Wednesday,-18.99,Shops,Uncategorized,Chase Debit Card
5/15/19,10/30/22,2022-10-30,Wednesday,-7.06,Ride Share,,Chase Debit Card
5/15/19,10/30/22,2022-10-30,Wednesday,-6.07,Ride Share,,Chase Debit Card
5/15/19,10/31/22,2022-10-31,Wednesday,136,Mortgage & Mortgage & Rent,Tax Refund,Chase Debit Card
5/16/19,10/31/22,2022-10-31,Thursday,-9.97,Shops,Uncategorized,Chase Debit Card
5/16/19,10/31/22,2022-10-31,Thursday,-6.07,Ride Share,,Chase Debit Card
5/16/19,11/1/22,2022-11-01,Thursday,29.95,Mortgage & Mortgage & Rent,Tax Refund,Chase Debit Card
5/17/19,11/1/22,2022-11-01,Friday,-55.85,Groceries,,Chase Debit Card
5/17/19,11/1/22,2022-11-01,Friday,-42.58,Groceries,,Chase Debit Card
5/17/19,11/1/22,2022-11-01,Friday,-39.99,Pharmacy,,Chase Debit Card
5/17/19,11/1/22,2022-11-01,Friday,-32.21,Food Delivery,,Chase Debit Card
5/17/19,11/2/22,2022-11-02,Friday,-9.99,Shops,Uncategorized,Chase Debit Card
5/18/19,11/3/22,2022-11-03,Saturday,-6.07,Ride Share,,Chase Debit Card
5/19/19,11/4/22,2022-11-04,Sunday,-24.94,Shops,Uncategorized,Chase Debit Card
5/20/19,11/4/22,2022-11-04,Monday,-22.96,Shops,Uncategorized,Chase Debit Card
5/20/19,11/5/22,2022-11-05,Monday,-18.98,Shops,Uncategorized,Chase Debit Card
5/21/19,11/5/22,2022-11-05,Tuesday,-43.38,Shops,Personal Care,Chase Debit Card
5/21/19,11/5/22,2022-11-05,Tuesday,-33.43,Shops,Electronics & Software,Chase Debit Card
5/21/19,11/5/22,2022-11-05,Tuesday,-31.73,Shops,Clothing and Accessories,Chase Debit Card
5/21/19,11/5/22,2022-11-05,Tuesday,-25.78,Food Delivery,,Chase Debit Card
5/21/19,11/5/22,2022-11-05,Tuesday,-7.56,Shops,Personal Care,Chase Debit Card
5/21/19,11/6/22,2022-11-06,Tuesday,-7.38,Ride Share,,Chase Debit Card
5/22/19,11/6/22,2022-11-06,Wednesday,-12.99,Entertainment,,Chase Debit Card
5/22/19,11/6/22,2022-11-06,Wednesday,-10.8,Shops,Personal Care,M&T Debit Card
5/22/19,11/7/22,2022-11-07,Wednesday,-7.56,Ride Share,,Chase Debit Card
5/23/19,11/7/22,2022-11-07,Thursday,-7.75,Ride Share,,Chase Debit Card
5/23/19,11/7/22,2022-11-07,Thursday,-7.75,Ride Share,,Chase Debit Card
5/23/19,11/7/22,2022-11-07,Thursday,-6.48,Shops,Personal Care,M&T Debit Card
5/23/19,11/8/22,2022-11-08,Thursday,-5.49,Shops,Uncategorized,Chase Debit Card
5/24/19,11/12/22,2022-11-12,Friday,-13.99,Shops,Uncategorized,Chase Debit Card
5/28/19,11/12/22,2022-11-12,Tuesday,-81,Shops,Personal Care,M&T Debit Card
5/28/19,11/12/22,2022-11-12,Tuesday,-54.32,Shops,Clothing and Accessories,M&T Debit Card
5/28/19,11/12/22,2022-11-12,Tuesday,-52.79,Groceries,,Chase Debit Card
5/28/19,11/12/22,2022-11-12,Tuesday,9.33,Mortgage & Mortgage & Rent,Credit Card Payment,Chase Debit Card
5/28/19,11/13/22,2022-11-13,Tuesday,75.6,Shops,Personal Care,M&T Debit Card
5/29/19,11/14/22,2022-11-14,Wednesday,-35.22,Groceries,,Chase Debit Card
5/30/19,11/14/22,2022-11-14,Thursday,-41.41,Groceries,,Chase Debit Card
5/30/19,11/14/22,2022-11-14,Thursday,-16.99,Shops,Uncategorized,Chase Debit Card
5/30/19,11/14/22,2022-11-14,Thursday,-7.75,Ride Share,,Chase Debit Card
5/30/19,11/14/22,2022-11-14,Thursday,-7.75,Ride Share,,Chase Debit Card
5/30/19,11/14/22,2022-11-14,Thursday,-7.75,Ride Share,,Chase Debit Card
5/30/19,11/15/22,2022-11-15,Thursday,-7.64,Shops,Uncategorized,Chase Debit Card
5/31/19,11/15/22,2022-11-15,Friday,-71.8,Shops,Uncategorized,Chase Debit Card
5/31/19,11/15/22,2022-11-15,Friday,-21.6,Shops,Personal Care,M&T Debit Card
5/31/19,11/15/22,2022-11-15,Friday,-16.2,Shops,Sub Box,M&T Debit Card
5/31/19,11/15/22,2022-11-15,Friday,-9.72,Shops,Sub Box,M&T Debit Card
5/31/19,11/17/22,2022-11-17,Friday,-6.5,Shops,Sub Box,M&T Debit Card
6/2/19,11/17/22,2022-11-17,Sunday,-289.67,Shops,Electronics & Software,Chase Debit Card
6/2/19,11/17/22,2022-11-17,Sunday,-36.89,Food Delivery,,Chase Debit Card
6/2/19,11/18/22,2022-11-18,Sunday,-28.45,Shops,Uncategorized,Chase Debit Card
6/3/19,11/18/22,2022-11-18,Monday,-57.49,Groceries,,Chase Debit Card
6/3/19,11/18/22,2022-11-18,Monday,-19.48,Shops,Uncategorized,M&T Debit Card
6/3/19,11/18/22,2022-11-18,Monday,-9.5,Shops,Uncategorized,M&T Debit Card
6/3/19,11/18/22,2022-11-18,Monday,-7.56,Shops,Uncategorized,M&T Debit Card
6/3/19,11/18/22,2022-11-18,Monday,-5.98,Shops,Uncategorized,Chase Debit Card
6/3/19,11/18/22,2022-11-18,Monday,-4.67,Shops,Uncategorized,M&T Debit Card
6/3/19,11/18/22,2022-11-18,Monday,-3.7,Shops,Uncategorized,M&T Debit Card
6/3/19,11/18/22,2022-11-18,Monday,42.17,Paycheck,,Chase Debit Card
6/3/19,11/19/22,2022-11-19,Monday,216.05,Paycheck,,Chase Debit Card
6/4/19,11/19/22,2022-11-19,Tuesday,-26.6,Shops,Clothing and Accessories,Chase Debit Card
6/4/19,11/19/22,2022-11-19,Tuesday,-8.75,Ride Share,,Chase Debit Card
6/4/19,11/19/22,2022-11-19,Tuesday,-8.39,Shops,Electronics & Software,Chase Debit Card
6/4/19,11/20/22,2022-11-20,Tuesday,-7.75,Ride Share,,Chase Debit Card
6/5/19,11/20/22,2022-11-20,Wednesday,-27.65,Travel,,Chase Debit Card
6/5/19,11/20/22,2022-11-20,Wednesday,-11.43,Food Delivery,,Chase Debit Card
6/5/19,11/20/22,2022-11-20,Wednesday,-8.86,Ride Share,,Chase Debit Card
6/5/19,11/20/22,2022-11-20,Wednesday,-7.55,Shops,Uncategorized,Chase Debit Card
6/5/19,11/20/22,2022-11-20,Wednesday,-5.39,Shops,Uncategorized,Chase Debit Card
6/5/19,11/20/22,2022-11-20,Wednesday,-5.18,Shops,Uncategorized,Chase Debit Card
6/5/19,11/21/22,2022-11-21,Wednesday,-2.91,Shops,Uncategorized,Chase Debit Card
6/6/19,11/21/22,2022-11-21,Thursday,-10.8,Shops,Sub Box,M&T Debit Card
6/6/19,11/21/22,2022-11-21,Thursday,-10.66,Shops,Uncategorized,M&T Debit Card
6/6/19,11/21/22,2022-11-21,Thursday,-9.61,Shops,Uncategorized,Chase Debit Card
6/6/19,11/21/22,2022-11-21,Thursday,-7.44,Shops,Uncategorized,Chase Debit Card
6/6/19,11/22/22,2022-11-22,Thursday,-5,Shops,Sub Box,M&T Debit Card
6/7/19,11/22/22,2022-11-22,Friday,-14.24,Shops,Uncategorized,Chase Debit Card
6/7/19,11/23/22,2022-11-23,Friday,-10.8,Shops,Sub Box,M&T Debit Card
6/8/19,11/25/22,2022-11-25,Saturday,-56.13,Shops,Clothing and Accessories,Chase Debit Card
6/10/19,11/25/22,2022-11-25,Monday,-122.56,Groceries,,Chase Debit Card
6/10/19,11/25/22,2022-11-25,Monday,-46.63,Shops,Uncategorized,M&T Debit Card
6/10/19,11/25/22,2022-11-25,Monday,-44.4,Mortgage & Mortgage & Rent,Mobile Phone,Chase Debit Card
6/10/19,11/25/22,2022-11-25,Monday,-31.42,Groceries,,Chase Debit Card
6/10/19,11/25/22,2022-11-25,Monday,-22.24,Shops,Uncategorized,M&T Debit Card
6/10/19,11/25/22,2022-11-25,Monday,-7.08,Shops,Uncategorized,M&T Debit Card
6/10/19,11/25/22,2022-11-25,Monday,-2.95,Shops,Uncategorized,Chase Debit Card
6/10/19,11/25/22,2022-11-25,Monday,-2.16,Shops,Uncategorized,M&T Debit Card
6/10/19,11/25/22,2022-11-25,Monday,-1.56,Groceries,,Chase Debit Card
6/10/19,11/26/22,2022-11-26,Monday,0.56,Groceries,,Chase Debit Card
6/11/19,11/26/22,2022-11-26,Tuesday,-48.84,Groceries,,Chase Debit Card
6/11/19,11/26/22,2022-11-26,Tuesday,-39.95,Shops,Personal Care,Chase Debit Card
6/11/19,11/26/22,2022-11-26,Tuesday,-9.81,Food Delivery,,Chase Debit Card
6/11/19,11/26/22,2022-11-26,Tuesday,-6.32,Shops,Uncategorized,M&T Debit Card
6/11/19,11/27/22,2022-11-27,Tuesday,-0.76,Shops,Uncategorized,M&T Debit Card
6/12/19,11/27/22,2022-11-27,Wednesday,-15.66,Shops,Personal Care,M&T Debit Card
6/12/19,11/27/22,2022-11-27,Wednesday,-10.8,Shops,Sub Box,M&T Debit Card
6/12/19,11/27/22,2022-11-27,Wednesday,-6.48,Shops,Personal Care,M&T Debit Card
6/12/19,11/28/22,2022-11-28,Wednesday,-3.14,Shops,Uncategorized,M&T Debit Card
6/13/19,11/28/22,2022-11-28,Thursday,-9.73,Ride Share,,Chase Debit Card
6/13/19,11/28/22,2022-11-28,Thursday,-9.61,Ride Share,,Chase Debit Card
6/13/19,11/29/22,2022-11-29,Thursday,-3.95,Food Delivery,Coffee Shops,M&T Debit Card
6/14/19,11/29/22,2022-11-29,Friday,-41.5,Uncategorized,Gas & Fuel,Chase Debit Card
6/14/19,11/29/22,2022-11-29,Friday,-7.83,Ride Share,,Chase Debit Card
6/14/19,12/2/22,2022-12-02,Friday,20,Mortgage & Mortgage & Rent,Credit Card Payment,Chase Debit Card
6/17/19,12/2/22,2022-12-02,Monday,-725,Uncategorized,Gas & Fuel,Chase Debit Card
6/17/19,12/2/22,2022-12-02,Monday,-385,Mortgage & Mortgage & Rent,Mortgage & Rent,Chase Debit Card
6/17/19,12/2/22,2022-12-02,Monday,-41.4,Groceries,,Chase Debit Card
6/17/19,12/2/22,2022-12-02,Monday,-35.14,Groceries,,Chase Debit Card
6/17/19,12/2/22,2022-12-02,Monday,-15.08,Shops,Uncategorized,Chase Debit Card
6/17/19,12/2/22,2022-12-02,Monday,-11.22,Shops,Uncategorized,Chase Debit Card
6/17/19,12/2/22,2022-12-02,Monday,-5.59,Shops,Uncategorized,Chase Debit Card
6/17/19,12/3/22,2022-12-03,Monday,-2.16,Shops,Uncategorized,M&T Debit Card
6/18/19,12/3/22,2022-12-03,Tuesday,-41.7,Shops,Personal Care,Chase Debit Card
6/18/19,12/3/22,2022-12-03,Tuesday,-15,Transfer For Cash Spending,,Chase Debit Card
6/18/19,12/4/22,2022-12-04,Tuesday,5960,Transfer For Cash Spending,,Chase Debit Card
6/19/19,12/4/22,2022-12-04,Wednesday,-6.11,Shops,Uncategorized,Chase Debit Card
6/19/19,12/5/22,2022-12-05,Wednesday,61.05,Paycheck,,M&T Debit Card
6/20/19,12/5/22,2022-12-05,Thursday,-6.47,Food Delivery,,Chase Debit Card
6/20/19,12/6/22,2022-12-06,Thursday,-1.98,Food Delivery,Coffee Shops,Chase Debit Card
6/21/19,12/7/22,2022-12-07,Friday,-6.48,Shops,Uncategorized,Chase Debit Card
6/22/19,12/8/22,2022-12-08,Saturday,-9.45,Ride Share,,Chase Debit Card
6/23/19,12/9/22,2022-12-09,Sunday,-5.08,Shops,Uncategorized,Chase Debit Card
6/24/19,12/9/22,2022-12-09,Monday,-185,Uncategorized,Medical,Chase Debit Card
6/24/19,12/9/22,2022-12-09,Monday,-53.5,Groceries,,Chase Debit Card
6/24/19,12/9/22,2022-12-09,Monday,-34.58,Groceries,,Chase Debit Card
6/24/19,12/9/22,2022-12-09,Monday,-25.94,Shops,Uncategorized,Chase Debit Card
6/24/19,12/9/22,2022-12-09,Monday,-23.65,Food Delivery,,Chase Debit Card
6/24/19,12/9/22,2022-12-09,Monday,-21.98,Ride Share,,Chase Debit Card
6/24/19,12/9/22,2022-12-09,Monday,-20.51,Food Delivery,,Chase Debit Card
6/24/19,12/9/22,2022-12-09,Monday,-12.99,Entertainment,,Chase Debit Card
6/24/19,12/9/22,2022-12-09,Monday,-11.37,Groceries,,Chase Debit Card
6/24/19,12/9/22,2022-12-09,Monday,-8.64,Shops,Uncategorized,Chase Debit Card
6/24/19,12/9/22,2022-12-09,Monday,-5.12,Shops,Uncategorized,Chase Debit Card
6/24/19,12/9/22,2022-12-09,Monday,-4.14,Pharmacy,,Chase Debit Card
6/24/19,12/10/22,2022-12-10,Monday,18.98,Shops,Uncategorized,Chase Debit Card
6/25/19,12/11/22,2022-12-11,Tuesday,-15.55,Shops,Uncategorized,Chase Debit Card
6/26/19,12/11/22,2022-12-11,Wednesday,-80,Groceries,,Chase Debit Card
6/26/19,12/11/22,2022-12-11,Wednesday,-19.95,Shops,Personal Care,M&T Debit Card
6/26/19,12/11/22,2022-12-11,Wednesday,-19.33,Shops,Uncategorized,Chase Debit Card
6/26/19,12/11/22,2022-12-11,Wednesday,-18.58,Groceries,,Chase Debit Card
6/26/19,12/11/22,2022-12-11,Wednesday,-12.27,Shops,Uncategorized,Chase Debit Card
6/26/19,12/11/22,2022-12-11,Wednesday,-7.75,Ride Share,,Chase Debit Card
6/26/19,12/11/22,2022-12-11,Wednesday,-0.48,Groceries,,Chase Debit Card
6/26/19,12/11/22,2022-12-11,Wednesday,0.48,Shops,Uncategorized,M&T Debit Card
6/26/19,12/11/22,2022-12-11,Wednesday,80,Paycheck,,M&T Debit Card
6/26/19,12/12/22,2022-12-12,Wednesday,223.01,Paycheck,,M&T Debit Card
6/27/19,12/13/22,2022-12-13,Thursday,-57.63,Groceries,,Chase Debit Card
6/28/19,12/13/22,2022-12-13,Friday,-37.19,Shops,Personal Care,Chase Debit Card
6/28/19,12/13/22,2022-12-13,Friday,-32.39,Shops,Sub Box,M&T Debit Card
6/28/19,12/13/22,2022-12-13,Friday,-26.54,Food Delivery,,Chase Debit Card
6/28/19,12/13/22,2022-12-13,Friday,-26,Shops,Clothing and Accessories,Chase Debit Card
6/28/19,12/13/22,2022-12-13,Friday,-10.41,Ride Share,,Chase Debit Card
6/28/19,12/13/22,2022-12-13,Friday,-6.48,Shops,Electronics & Software,Chase Debit Card
6/28/19,12/14/22,2022-12-14,Friday,-4.74,Food Delivery,Coffee Shops,Chase Debit Card
6/29/19,12/14/22,2022-12-14,Saturday,-19.43,Shops,Uncategorized,Chase Debit Card
6/29/19,12/15/22,2022-12-15,Saturday,-5.6,Shops,Uncategorized,Chase Debit Card
6/30/19,12/15/22,2022-12-15,Sunday,-43.12,Travel,,Chase Debit Card
6/30/19,12/15/22,2022-12-15,Sunday,-8.22,Food Delivery,Coffee Shops,Chase Debit Card
6/30/19,12/16/22,2022-12-16,Sunday,10.6,Mortgage & Mortgage & Rent,Credit Card Payment,Chase Debit Card
7/1/19,12/16/22,2022-12-16,Monday,-53.72,Shops,Personal Care,M&T Debit Card
7/1/19,12/16/22,2022-12-16,Monday,-50,Travel,,Chase Debit Card
7/1/19,12/16/22,2022-12-16,Monday,-33.43,Food Delivery,,Chase Debit Card
7/1/19,12/16/22,2022-12-16,Monday,-25,Food Delivery,Coffee Shops,Chase Debit Card
7/1/19,12/16/22,2022-12-16,Monday,-24.95,Shops,Sub Box,M&T Debit Card
7/1/19,12/16/22,2022-12-16,Monday,-11.59,Travel,,Chase Debit Card
7/1/19,12/17/22,2022-12-17,Monday,-10.13,Food Delivery,,Chase Debit Card
7/2/19,12/17/22,2022-12-17,Tuesday,-30.24,Travel,,Chase Debit Card
7/2/19,12/18/22,2022-12-18,Tuesday,-10.4,Shops,Personal Care,Chase Debit Card
7/3/19,12/18/22,2022-12-18,Wednesday,-1385.65,Mortgage & Mortgage & Rent,Mortgage & Rent,Chase Debit Card
7/3/19,12/18/22,2022-12-18,Wednesday,-57.75,Travel,,Chase Debit Card
7/3/19,12/18/22,2022-12-18,Wednesday,-16.2,Shops,Sub Box,M&T Debit Card
7/3/19,12/18/22,2022-12-18,Wednesday,-1.95,Mortgage & Mortgage & Rent,Mortgage & Rent,Chase Debit Card
7/3/19,12/19/22,2022-12-19,Wednesday,203.92,Paycheck,,M&T Debit Card
7/4/19,12/19/22,2022-12-19,Thursday,-45.08,Entertainment,,Chase Debit Card
7/4/19,12/20/22,2022-12-20,Thursday,-7.55,Shops,Uncategorized,Chase Debit Card
7/5/19,12/20/22,2022-12-20,Friday,-54.01,Groceries,,Chase Debit Card
7/5/19,12/20/22,2022-12-20,Friday,-27,Shops,Personal Care,M&T Debit Card
7/5/19,12/20/22,2022-12-20,Friday,-17.27,Shops,Uncategorized,Chase Debit Card
7/5/19,12/20/22,2022-12-20,Friday,-16.2,Shops,Sub Box,M&T Debit Card
7/5/19,12/20/22,2022-12-20,Friday,-15.66,Pharmacy,,Chase Debit Card
7/5/19,12/20/22,2022-12-20,Friday,-15,Shops,Sub Box,M&T Debit Card
7/5/19,12/20/22,2022-12-20,Friday,-6.46,Pharmacy,,Chase Debit Card
7/5/19,12/20/22,2022-12-20,Friday,-3.12,Pharmacy,,Chase Debit Card
7/5/19,12/21/22,2022-12-21,Friday,-0.5,Ride Share,,M&T Debit Card
7/6/19,12/22/22,2022-12-22,Saturday,-33.7,Shops,Personal Care,Chase Debit Card
7/7/19,12/22/22,2022-12-22,Sunday,-7.17,Shops,Uncategorized,Chase Debit Card
7/7/19,12/22/22,2022-12-22,Sunday,-6.87,Food Delivery,,Chase Debit Card
7/7/19,12/23/22,2022-12-23,Sunday,-5.35,Shops,Uncategorized,Chase Debit Card
7/8/19,12/23/22,2022-12-23,Monday,-148.27,Shops,Uncategorized,Chase Debit Card
7/8/19,12/23/22,2022-12-23,Monday,-131.23,Groceries,,Chase Debit Card
7/8/19,12/23/22,2022-12-23,Monday,-43.19,Groceries,,Chase Debit Card
7/8/19,12/23/22,2022-12-23,Monday,-17.12,Food Delivery,,Chase Debit Card
7/8/19,12/23/22,2022-12-23,Monday,-11.56,Ride Share,,Chase Debit Card
7/8/19,12/23/22,2022-12-23,Monday,-11.16,Food Delivery,,Chase Debit Card
7/8/19,12/23/22,2022-12-23,Monday,-7.31,Food Delivery,Coffee Shops,Chase Debit Card
7/8/19,12/23/22,2022-12-23,Monday,-5.22,Ride Share,,Chase Debit Card
7/8/19,12/24/22,2022-12-24,Monday,-3.85,Groceries,,Chase Debit Card
7/9/19,12/24/22,2022-12-24,Tuesday,-36,Shops,Personal Care,Chase Debit Card
7/9/19,12/24/22,2022-12-24,Tuesday,-21.57,Shops,Clothing and Accessories,Chase Debit Card
7/9/19,12/24/22,2022-12-24,Tuesday,-12.92,Shops,Personal Care,Chase Debit Card
7/9/19,12/24/22,2022-12-24,Tuesday,-11.87,Shops,Uncategorized,Chase Debit Card
7/9/19,12/24/22,2022-12-24,Tuesday,-8.83,Food Delivery,Coffee Shops,Chase Debit Card
7/9/19,12/24/22,2022-12-24,Tuesday,-7.23,Entertainment,,Chase Debit Card
7/9/19,12/24/22,2022-12-24,Tuesday,-7.01,Food Delivery,Coffee Shops,Chase Debit Card
7/9/19,12/24/22,2022-12-24,Tuesday,-5.4,Shops,Personal Care,Chase Debit Card
7/9/19,12/24/22,2022-12-24,Tuesday,-1.93,Shops,Uncategorized,Chase Debit Card
7/9/19,12/24/22,2022-12-24,Tuesday,-1.61,Food Delivery,,Chase Debit Card
7/9/19,12/24/22,2022-12-24,Tuesday,-0.99,Entertainment,,Chase Debit Card
7/9/19,12/25/22,2022-12-25,Tuesday,150.49,Mortgage & Mortgage & Rent,Credit Card Payment,Chase Debit Card
7/10/19,12/25/22,2022-12-25,Wednesday,-203.92,Shops,Electronics & Software,Chase Debit Card
7/10/19,12/25/22,2022-12-25,Wednesday,-44.4,Mortgage & Mortgage & Rent,Mobile Phone,Chase Debit Card
7/10/19,12/25/22,2022-12-25,Wednesday,-27.1,Shops,Personal Care,Chase Debit Card
7/10/19,12/25/22,2022-12-25,Wednesday,-11.91,Ride Share,,Chase Debit Card
7/10/19,12/25/22,2022-12-25,Wednesday,-9.11,Ride Share,,Chase Debit Card
7/10/19,12/25/22,2022-12-25,Wednesday,-8.91,Ride Share,,Chase Debit Card
7/10/19,12/25/22,2022-12-25,Wednesday,-4.8,Food Delivery,,Chase Debit Card
7/10/19,12/25/22,2022-12-25,Wednesday,-2.69,Food Delivery,,Chase Debit Card
7/10/19,12/26/22,2022-12-26,Wednesday,150.49,Paycheck,,M&T Debit Card
7/11/19,12/27/22,2022-12-27,Thursday,-9.85,Ride Share,,Chase Debit Card
7/12/19,12/27/22,2022-12-27,Friday,-18.9,Food Delivery,,Chase Debit Card
7/12/19,12/27/22,2022-12-27,Friday,-17.23,Shops,Uncategorized,Chase Debit Card
7/12/19,12/28/22,2022-12-28,Friday,-7.29,Shops,Uncategorized,Chase Debit Card
7/13/19,12/29/22,2022-12-29,Saturday,-9.74,Shops,Uncategorized,Chase Debit Card
7/14/19,12/29/22,2022-12-29,Sunday,-29.7,Shops,Personal Care,Chase Debit Card
7/14/19,12/29/22,2022-12-29,Sunday,-27.53,Shops,Personal Care,Chase Debit Card
7/14/19,12/29/22,2022-12-29,Sunday,-22.36,Food Delivery,,Chase Debit Card
7/14/19,12/29/22,2022-12-29,Sunday,-20.2,Shops,Personal Care,Chase Debit Card
7/14/19,12/29/22,2022-12-29,Sunday,-18.36,Shops,Uncategorized,Chase Debit Card
7/14/19,12/29/22,2022-12-29,Sunday,-11.44,Shops,Uncategorized,Chase Debit Card
7/14/19,12/30/22,2022-12-30,Sunday,-2.24,Shops,Uncategorized,Chase Debit Card
7/15/19,12/30/22,2022-12-30,Monday,-269.99,Shops,Electronics & Software,Chase Debit Card
7/15/19,12/30/22,2022-12-30,Monday,-53.54,Groceries,,Chase Debit Card
7/15/19,12/30/22,2022-12-30,Monday,-36.12,Shops,Uncategorized,Chase Debit Card
7/15/19,12/30/22,2022-12-30,Monday,-2.16,Food Delivery,Coffee Shops,Chase Debit Card
7/15/19,12/31/22,2022-12-31,Monday,-2,Food Delivery,Coffee Shops,Chase Debit Card
7/16/19,12/31/22,2022-12-31,Tuesday,-58.96,Shops,Uncategorized,Chase Debit Card
7/16/19,12/31/22,2022-12-31,Tuesday,-38.01,Shops,Uncategorized,Chase Debit Card
7/16/19,12/31/22,2022-12-31,Tuesday,-19.16,Food Delivery,,Chase Debit Card
7/16/19,12/31/22,2022-12-31,Tuesday,-16.18,Food Delivery,,Chase Debit Card
7/16/19,12/31/22,2022-12-31,Tuesday,-6.98,Ride Share,,Chase Debit Card
7/16/19,12/31/22,2022-12-31,Tuesday,-6,Food Delivery,Coffee Shops,Chase Debit Card
7/16/19,1/1/23,2023-01-01,Tuesday,-1.08,Food Delivery,,Chase Debit Card
7/17/19,1/1/23,2023-01-01,Wednesday,-35.26,Groceries,,Chase Debit Card
7/17/19,1/1/23,2023-01-01,Wednesday,-10.53,Ride Share,,Chase Debit Card
7/17/19,1/1/23,2023-01-01,Wednesday,-6.98,Ride Share,,Chase Debit Card
7/17/19,1/2/23,2023-01-02,Wednesday,-1,Food Delivery,Coffee Shops,Chase Debit Card
7/18/19,1/2/23,2023-01-02,Thursday,-28.77,Food Delivery,,Chase Debit Card
7/18/19,1/2/23,2023-01-02,Thursday,-21.59,Shops,Uncategorized,Chase Debit Card
7/18/19,1/3/23,2023-01-03,Thursday,-5.01,Ride Share,,Chase Debit Card
7/19/19,1/3/23,2023-01-03,Friday,-17.23,Shops,Uncategorized,Chase Debit Card
7/19/19,1/4/23,2023-01-04,Friday,-4,Food Delivery,,Chase Debit Card
7/20/19,1/5/23,2023-01-05,Saturday,-9.02,Food Delivery,,Chase Debit Card
7/21/19,1/6/23,2023-01-06,Sunday,-21.5,Shops,Electronics & Software,Chase Debit Card
7/22/19,1/6/23,2023-01-06,Monday,-72.87,Shops,Clothing and Accessories,Chase Debit Card
7/22/19,1/6/23,2023-01-06,Monday,-56.35,Shops,Electronics & Software,M&T Debit Card
7/22/19,1/6/23,2023-01-06,Monday,-41.01,Shops,Clothing and Accessories,Chase Debit Card
7/22/19,1/6/23,2023-01-06,Monday,-37.8,Uncategorized,Gas & Fuel,Chase Debit Card
7/22/19,1/6/23,2023-01-06,Monday,-22.68,Shops,Sub Box,M&T Debit Card
7/22/19,1/6/23,2023-01-06,Monday,-21.59,Shops,Electronics & Software,M&T Debit Card
7/22/19,1/6/23,2023-01-06,Monday,-21.02,Food Delivery,,Chase Debit Card
7/22/19,1/6/23,2023-01-06,Monday,-16.6,Shops,Clothing and Accessories,Chase Debit Card
7/22/19,1/6/23,2023-01-06,Monday,-15.12,Shops,Personal Care,Chase Debit Card
7/22/19,1/6/23,2023-01-06,Monday,-12.99,Entertainment,,Chase Debit Card
7/22/19,1/6/23,2023-01-06,Monday,-10.8,Shops,Clothing and Accessories,Chase Debit Card
7/22/19,1/6/23,2023-01-06,Monday,-8.71,Ride Share,,Chase Debit Card
7/22/19,1/7/23,2023-01-07,Monday,4.32,Shops,Personal Care,M&T Debit Card
7/23/19,1/7/23,2023-01-07,Tuesday,-109.73,Groceries,,Chase Debit Card
7/23/19,1/7/23,2023-01-07,Tuesday,-43.91,Food Delivery,,Chase Debit Card
7/23/19,1/7/23,2023-01-07,Tuesday,-25.13,Food Delivery,,Chase Debit Card
7/23/19,1/7/23,2023-01-07,Tuesday,-5.36,Food Delivery,Coffee Shops,Chase Debit Card
7/23/19,1/7/23,2023-01-07,Tuesday,9.71,Shops,Uncategorized,Chase Debit Card
7/23/19,1/7/23,2023-01-07,Tuesday,17.27,Shops,Uncategorized,Chase Debit Card
7/23/19,1/8/23,2023-01-08,Tuesday,19.33,Shops,Uncategorized,Chase Debit Card
7/24/19,1/8/23,2023-01-08,Wednesday,-11.88,Food Delivery,,Chase Debit Card
7/24/19,1/8/23,2023-01-08,Wednesday,-6.42,Groceries,,M&T Debit Card
7/24/19,1/8/23,2023-01-08,Wednesday,-4.32,Shops,Personal Care,M&T Debit Card
7/24/19,1/8/23,2023-01-08,Wednesday,-2.59,Food Delivery,,M&T Debit Card
7/24/19,1/9/23,2023-01-09,Wednesday,389.65,Paycheck,,M&T Debit Card
7/25/19,1/9/23,2023-01-09,Thursday,-43.31,Shops,Clothing and Accessories,M&T Debit Card
7/25/19,1/9/23,2023-01-09,Thursday,-30,Food Delivery,,Chase Debit Card
7/25/19,1/9/23,2023-01-09,Thursday,-6.21,Food Delivery,Coffee Shops,Chase Debit Card
7/25/19,1/10/23,2023-01-10,Thursday,-2,Food Delivery,Coffee Shops,Chase Debit Card
7/26/19,1/10/23,2023-01-10,Friday,-43.2,Shops,Personal Care,M&T Debit Card
7/26/19,1/10/23,2023-01-10,Friday,-36,Uncategorized,Gas & Fuel,Chase Debit Card
7/26/19,1/12/23,2023-01-12,Friday,-3,Food Delivery,,Chase Debit Card
7/28/19,1/12/23,2023-01-12,Sunday,-25.22,Food Delivery,,Chase Debit Card
7/28/19,1/12/23,2023-01-12,Sunday,-20.8,Food Delivery,,Chase Debit Card
7/28/19,1/13/23,2023-01-13,Sunday,-4.62,Food Delivery,,Chase Debit Card
7/29/19,1/13/23,2023-01-13,Monday,-50,Food Delivery,,Chase Debit Card
7/29/19,1/13/23,2023-01-13,Monday,-40,Uncategorized,Gas & Fuel,M&T Debit Card
7/29/19,1/13/23,2023-01-13,Monday,-7.75,Ride Share,,Chase Debit Card
7/29/19,1/13/23,2023-01-13,Monday,-7.22,Groceries,,Chase Debit Card
7/29/19,1/13/23,2023-01-13,Monday,-4.53,Food Delivery,Coffee Shops,Chase Debit Card
7/29/19,1/13/23,2023-01-13,Monday,-4.05,Shops,Uncategorized,Chase Debit Card
7/29/19,1/14/23,2023-01-14,Monday,24.62,Mortgage & Mortgage & Rent,Credit Card Payment,Chase Debit Card
7/30/19,1/15/23,2023-01-15,Tuesday,-420,Mortgage & Mortgage & Rent,Mortgage & Rent,Chase Debit Card
7/31/19,1/15/23,2023-01-15,Wednesday,-199.79,Shops,Electronics & Software,Chase Debit Card
7/31/19,1/15/23,2023-01-15,Wednesday,-24.95,Shops,Sub Box,M&T Debit Card
7/31/19,1/15/23,2023-01-15,Wednesday,-13.44,Shops,Personal Care,M&T Debit Card
7/31/19,1/15/23,2023-01-15,Wednesday,-12.95,Shops,Personal Care,M&T Debit Card
7/31/19,1/15/23,2023-01-15,Wednesday,-11.82,Shops,Uncategorized,Chase Debit Card
7/31/19,1/15/23,2023-01-15,Wednesday,-10.32,Ride Share,,Chase Debit Card
7/31/19,1/15/23,2023-01-15,Wednesday,-10.15,Ride Share,,Chase Debit Card
7/31/19,1/15/23,2023-01-15,Wednesday,-9.98,Ride Share,,Chase Debit Card
7/31/19,1/15/23,2023-01-15,Wednesday,-8.42,Food Delivery,Coffee Shops,Chase Debit Card
7/31/19,1/15/23,2023-01-15,Wednesday,-8.09,Food Delivery,,Chase Debit Card
7/31/19,1/15/23,2023-01-15,Wednesday,-3.51,Food Delivery,Coffee Shops,Chase Debit Card
7/31/19,1/16/23,2023-01-16,Wednesday,389.65,Paycheck,,M&T Debit Card
8/1/19,1/16/23,2023-01-16,Thursday,-193.32,Groceries,,Chase Debit Card
8/1/19,1/16/23,2023-01-16,Thursday,-46.06,Food Delivery,,Chase Debit Card
8/1/19,1/16/23,2023-01-16,Thursday,-17.17,Food Delivery,,Chase Debit Card
8/1/19,1/16/23,2023-01-16,Thursday,-10.8,Shops,Sub Box,M&T Debit Card
8/1/19,1/16/23,2023-01-16,Thursday,-10.06,Ride Share,,Chase Debit Card
8/1/19,1/16/23,2023-01-16,Thursday,-9.63,Ride Share,,Chase Debit Card
8/1/19,1/16/23,2023-01-16,Thursday,-7.19,Ride Share,,Chase Debit Card
8/1/19,1/16/23,2023-01-16,Thursday,-6.97,Ride Share,,Chase Debit Card
8/1/19,1/16/23,2023-01-16,Thursday,-6.93,Ride Share,,Chase Debit Card
8/1/19,1/17/23,2023-01-17,Thursday,269.99,Shops,Electronics & Software,Chase Debit Card
8/2/19,1/17/23,2023-01-17,Friday,-64.75,Groceries,,Chase Debit Card
8/2/19,1/17/23,2023-01-17,Friday,-26.28,Mortgage & Mortgage & Rent,Mortgage & Rent,Chase Debit Card
8/2/19,1/17/23,2023-01-17,Friday,-22.68,Shops,Sub Box,M&T Debit Card
8/2/19,1/17/23,2023-01-17,Friday,-22.13,Food Delivery,,Chase Debit Card
8/2/19,1/17/23,2023-01-17,Friday,-18.62,Shops,Clothing and Accessories,M&T Debit Card
8/2/19,1/17/23,2023-01-17,Friday,-15,Transfer For Cash Spending,,Chase Debit Card
8/2/19,1/17/23,2023-01-17,Friday,-10.64,Food Delivery,,Chase Debit Card
8/2/19,1/17/23,2023-01-17,Friday,-9.02,Food Delivery,,Chase Debit Card
8/2/19,1/17/23,2023-01-17,Friday,-1.95,Mortgage & Mortgage & Rent,Mortgage & Rent,Chase Debit Card
8/2/19,1/17/23,2023-01-17,Friday,33.56,Mortgage & Mortgage & Rent,Credit Card Payment,Chase Debit Card
8/2/19,1/18/23,2023-01-18,Friday,2070,Transfer For Cash Spending,,Chase Debit Card
8/3/19,1/20/23,2023-01-20,Saturday,-14,Shops,Uncategorized,Chase Debit Card
8/5/19,1/20/23,2023-01-20,Monday,-201.56,Groceries,,Chase Debit Card
8/5/19,1/20/23,2023-01-20,Monday,-36.4,Food Delivery,,Chase Debit Card
8/5/19,1/20/23,2023-01-20,Monday,-29.13,Groceries,,Chase Debit Card
8/5/19,1/20/23,2023-01-20,Monday,-16.2,Shops,Sub Box,M&T Debit Card
8/5/19,1/20/23,2023-01-20,Monday,-11.18,Shops,Uncategorized,Chase Debit Card
8/5/19,1/20/23,2023-01-20,Monday,-10,Uncategorized,,Chase Debit Card
8/5/19,1/20/23,2023-01-20,Monday,-9.61,Ride Share,,Chase Debit Card
8/5/19,1/20/23,2023-01-20,Monday,-9.43,Ride Share,,Chase Debit Card
8/5/19,1/20/23,2023-01-20,Monday,-8.31,Shops,Uncategorized,Chase Debit Card
8/5/19,1/20/23,2023-01-20,Monday,-8.31,Shops,Uncategorized,Chase Debit Card
8/5/19,1/20/23,2023-01-20,Monday,-5.7,Shops,Uncategorized,Chase Debit Card
8/5/19,1/20/23,2023-01-20,Monday,-5.15,Groceries,,Chase Debit Card
8/5/19,1/20/23,2023-01-20,Monday,-2.19,Groceries,,Chase Debit Card
8/5/19,1/21/23,2023-01-21,Monday,-1.61,Shops,Uncategorized,Chase Debit Card
8/6/19,1/21/23,2023-01-21,Tuesday,-111.38,Groceries,,Chase Debit Card
8/6/19,1/21/23,2023-01-21,Tuesday,-38.42,Shops,Uncategorized,Chase Debit Card
8/6/19,1/21/23,2023-01-21,Tuesday,-17.67,Groceries,,Chase Debit Card
8/6/19,1/21/23,2023-01-21,Tuesday,-13.88,Shops,Uncategorized,Chase Debit Card
8/6/19,1/22/23,2023-01-22,Tuesday,-10.74,Shops,Uncategorized,Chase Debit Card
8/7/19,1/22/23,2023-01-22,Wednesday,-1695,Tuition,,Chase Debit Card
8/7/19,1/22/23,2023-01-22,Wednesday,-420,Mortgage & Mortgage & Rent,Mortgage & Rent,Chase Debit Card
8/7/19,1/22/23,2023-01-22,Wednesday,-87.89,Groceries,,Chase Debit Card
8/7/19,1/22/23,2023-01-22,Wednesday,-42,Food Delivery,,Chase Debit Card
8/7/19,1/22/23,2023-01-22,Wednesday,-7.01,Entertainment,,Chase Debit Card
8/7/19,1/23/23,2023-01-23,Wednesday,20,Paycheck,,Chase Debit Card
8/8/19,1/23/23,2023-01-23,Thursday,-44.4,Mortgage & Mortgage & Rent,Mobile Phone,Chase Debit Card
8/8/19,1/24/23,2023-01-24,Thursday,-0.99,Entertainment,,Chase Debit Card
8/9/19,1/24/23,2023-01-24,Friday,-4.32,Shops,Personal Care,M&T Debit Card
8/9/19,1/24/23,2023-01-24,Friday,-4.15,Food Delivery,,Chase Debit Card
8/9/19,1/27/23,2023-01-27,Friday,-0.27,Food Delivery,,Chase Debit Card
8/12/19,1/27/23,2023-01-27,Monday,-80.62,Groceries,,Chase Debit Card
8/12/19,1/27/23,2023-01-27,Monday,-47.83,Groceries,,Chase Debit Card
8/12/19,1/27/23,2023-01-27,Monday,-20.8,Shops,Uncategorized,Chase Debit Card
8/12/19,1/27/23,2023-01-27,Monday,-4.59,Food Delivery,,Chase Debit Card
8/12/19,1/27/23,2023-01-27,Monday,-4.32,Shops,Personal Care,M&T Debit Card
8/12/19,1/28/23,2023-01-28,Monday,5.7,Shops,Uncategorized,Chase Debit Card
8/13/19,1/28/23,2023-01-28,Tuesday,-21.54,Food Delivery,,M&T Debit Card
8/13/19,1/28/23,2023-01-28,Tuesday,-11.85,Food Delivery,,Chase Debit Card
8/13/19,1/28/23,2023-01-28,Tuesday,-10.8,Shops,Personal Care,M&T Debit Card
8/13/19,1/28/23,2023-01-28,Tuesday,-6.25,Shops,Uncategorized,Chase Debit Card
8/13/19,1/29/23,2023-01-29,Tuesday,-1.83,Food Delivery,,Chase Debit Card
8/14/19,1/29/23,2023-01-29,Wednesday,-30.77,Shops,Uncategorized,Chase Debit Card
8/14/19,1/29/23,2023-01-29,Wednesday,-16.64,Shops,Personal Care,M&T Debit Card
8/14/19,1/29/23,2023-01-29,Wednesday,-3.05,Groceries,,M&T Debit Card
8/14/19,1/30/23,2023-01-30,Wednesday,747.57,Paycheck,,M&T Debit Card
8/15/19,1/30/23,2023-01-30,Thursday,-12.96,Shops,Personal Care,M&T Debit Card
8/15/19,1/30/23,2023-01-30,Thursday,-12.94,Shops,Uncategorized,Chase Debit Card
8/15/19,1/30/23,2023-01-30,Thursday,-9.09,Shops,Uncategorized,Chase Debit Card
8/15/19,1/31/23,2023-01-31,Thursday,-8.26,Shops,Uncategorized,Chase Debit Card
8/16/19,2/3/23,2023-02-03,Friday,-7.23,Entertainment,,Chase Debit Card
8/19/19,2/3/23,2023-02-03,Monday,-43.19,Shops,Clothing and Accessories,M&T Debit Card
8/19/19,2/3/23,2023-02-03,Monday,-30.53,Food Delivery,,Chase Debit Card
8/19/19,2/3/23,2023-02-03,Monday,-27,Shops,Personal Care,M&T Debit Card
8/19/19,2/4/23,2023-02-04,Monday,8.26,Shops,Uncategorized,Chase Debit Card
8/20/19,2/4/23,2023-02-04,Tuesday,-47.05,Groceries,,Chase Debit Card
8/20/19,2/4/23,2023-02-04,Tuesday,-17.82,Food Delivery,,M&T Debit Card
8/20/19,2/5/23,2023-02-05,Tuesday,-5.18,Food Delivery,,M&T Debit Card
8/21/19,2/5/23,2023-02-05,Wednesday,-22.67,Food Delivery,,Chase Debit Card
8/21/19,2/5/23,2023-02-05,Wednesday,-15.53,Shops,Uncategorized,Chase Debit Card
8/21/19,2/6/23,2023-02-06,Wednesday,389.65,Paycheck,,M&T Debit Card
8/22/19,2/7/23,2023-02-07,Thursday,-12.99,Entertainment,,Chase Debit Card
8/23/19,2/8/23,2023-02-08,Friday,0.36,Shops,Uncategorized,Chase Debit Card
8/24/19,2/10/23,2023-02-10,Saturday,-12.95,Shops,Uncategorized,Chase Debit Card
8/26/19,2/10/23,2023-02-10,Monday,-19.27,Uncategorized,,Chase Debit Card
8/26/19,2/10/23,2023-02-10,Monday,-15,Transfer For Cash Spending,,Chase Debit Card
8/26/19,2/10/23,2023-02-10,Monday,2.75,Shops,Uncategorized,Chase Debit Card
8/26/19,2/11/23,2023-02-11,Monday,3070,Transfer For Cash Spending,,Chase Debit Card
8/27/19,2/11/23,2023-02-11,Tuesday,-47.48,Groceries,,Chase Debit Card
8/27/19,2/11/23,2023-02-11,Tuesday,-13.77,Food Delivery,,Chase Debit Card
8/27/19,2/12/23,2023-02-12,Tuesday,-5,Shops,Sub Box,M&T Debit Card
8/28/19,2/12/23,2023-02-12,Wednesday,-93.8,Groceries,,M&T Debit Card
8/28/19,2/12/23,2023-02-12,Wednesday,-7.59,Shops,Uncategorized,Chase Debit Card
8/28/19,2/12/23,2023-02-12,Wednesday,-3.27,Shops,Uncategorized,Chase Debit Card
8/28/19,2/14/23,2023-02-14,Wednesday,389.65,Paycheck,,M&T Debit Card
8/30/19,2/14/23,2023-02-14,Friday,-35.64,Shops,Clothing and Accessories,M&T Debit Card
8/30/19,2/14/23,2023-02-14,Friday,-25.1,Food Delivery,,M&T Debit Card
8/30/19,2/14/23,2023-02-14,Friday,-15,Groceries,,Chase Debit Card
8/30/19,2/14/23,2023-02-14,Friday,-13.48,Shops,Personal Care,M&T Debit Card
8/30/19,2/14/23,2023-02-14,Friday,9,Shops,Uncategorized,Chase Debit Card
8/30/19,2/17/23,2023-02-17,Friday,43.19,Shops,Clothing and Accessories,M&T Debit Card
9/2/19,2/17/23,2023-02-17,Monday,-21.59,Shops,Electronics & Software,Chase Debit Card
9/2/19,2/17/23,2023-02-17,Monday,-16.71,Food Delivery,,Chase Debit Card
9/2/19,2/17/23,2023-02-17,Monday,-12.76,Shops,Electronics & Software,Chase Debit Card
9/2/19,2/18/23,2023-02-18,Monday,-8.69,Food Delivery,,Chase Debit Card
9/3/19,2/18/23,2023-02-18,Tuesday,-420,Mortgage & Mortgage & Rent,Mortgage & Rent,Chase Debit Card
9/3/19,2/18/23,2023-02-18,Tuesday,-52.34,Shops,Clothing and Accessories,M&T Debit Card
9/3/19,2/18/23,2023-02-18,Tuesday,-37.26,Shops,Personal Care,M&T Debit Card
9/3/19,2/18/23,2023-02-18,Tuesday,-24.95,Shops,Sub Box,M&T Debit Card
9/3/19,2/18/23,2023-02-18,Tuesday,-22.86,Shops,Sub Box,M&T Debit Card
9/3/19,2/18/23,2023-02-18,Tuesday,-15.6,Shops,Clothing and Accessories,M&T Debit Card
9/3/19,2/18/23,2023-02-18,Tuesday,-14.45,Shops,Personal Care,M&T Debit Card
9/3/19,2/18/23,2023-02-18,Tuesday,-11.66,Ride Share,,Chase Debit Card
9/3/19,2/18/23,2023-02-18,Tuesday,-11.31,Food Delivery,,M&T Debit Card
9/3/19,2/18/23,2023-02-18,Tuesday,-10.93,Ride Share,,Chase Debit Card
9/3/19,2/18/23,2023-02-18,Tuesday,-10.8,Shops,Sub Box,M&T Debit Card
9/3/19,2/18/23,2023-02-18,Tuesday,-4.53,Food Delivery,,M&T Debit Card
9/3/19,2/19/23,2023-02-19,Tuesday,-2.86,Food Delivery,,M&T Debit Card
9/4/19,2/19/23,2023-02-19,Wednesday,-63.72,Entertainment,,Chase Debit Card
9/4/19,2/19/23,2023-02-19,Wednesday,-33,Shops,Clothing and Accessories,M&T Debit Card
9/4/19,2/19/23,2023-02-19,Wednesday,-2.04,Food Delivery,Coffee Shops,M&T Debit Card
9/4/19,2/19/23,2023-02-19,Wednesday,-2.04,Food Delivery,Coffee Shops,M&T Debit Card
9/4/19,2/19/23,2023-02-19,Wednesday,0.7,Entertainment,,Chase Debit Card
9/4/19,2/19/23,2023-02-19,Wednesday,8.31,Shops,Uncategorized,Chase Debit Card
9/4/19,2/19/23,2023-02-19,Wednesday,8.31,Shops,Uncategorized,Chase Debit Card
9/4/19,2/20/23,2023-02-20,Wednesday,389.65,Paycheck,,M&T Debit Card
9/5/19,2/21/23,2023-02-21,Thursday,-65,Shops,Clothing and Accessories,M&T Debit Card
9/6/19,2/21/23,2023-02-21,Friday,-40.39,Groceries,,Chase Debit Card
9/6/19,2/21/23,2023-02-21,Friday,-26.68,Food Delivery,,M&T Debit Card
9/6/19,2/21/23,2023-02-21,Friday,-16.2,Shops,Sub Box,M&T Debit Card
9/6/19,2/21/23,2023-02-21,Friday,-11.4,Food Delivery,,M&T Debit Card
9/6/19,2/21/23,2023-02-21,Friday,-5.38,Food Delivery,,M&T Debit Card
9/6/19,2/21/23,2023-02-21,Friday,-4.05,Food Delivery,Coffee Shops,M&T Debit Card
9/6/19,2/22/23,2023-02-22,Friday,10.05,Mortgage & Mortgage & Rent,Credit Card Payment,Chase Debit Card
9/7/19,2/23/23,2023-02-23,Saturday,-244.61,Shops,Clothing and Accessories,Chase Debit Card
9/8/19,2/23/23,2023-02-23,Sunday,-20.47,Shops,Uncategorized,Chase Debit Card
9/8/19,2/24/23,2023-02-24,Sunday,-0.99,Entertainment,,Chase Debit Card
9/9/19,2/24/23,2023-02-24,Monday,-44.4,Mortgage & Mortgage & Rent,Mobile Phone,Chase Debit Card
9/9/19,2/24/23,2023-02-24,Monday,-28.8,Groceries,,M&T Debit Card
9/9/19,2/24/23,2023-02-24,Monday,-27.02,Shops,Clothing and Accessories,M&T Debit Card
9/9/19,2/24/23,2023-02-24,Monday,-25,Food Delivery,Credit Card Payment,Chase Debit Card
9/9/19,2/24/23,2023-02-24,Monday,-21,Food Delivery,,M&T Debit Card
9/9/19,2/24/23,2023-02-24,Monday,-20.4,Uncategorized,Gas & Fuel,Chase Debit Card
9/9/19,2/24/23,2023-02-24,Monday,-14.35,Food Delivery,,M&T Debit Card
9/9/19,2/24/23,2023-02-24,Monday,-12.1,Ride Share,,Chase Debit Card
9/9/19,2/24/23,2023-02-24,Monday,-11.45,Ride Share,,Chase Debit Card
9/9/19,2/24/23,2023-02-24,Monday,-10.66,Shops,Uncategorized,Chase Debit Card
9/9/19,2/24/23,2023-02-24,Monday,-7.75,Ride Share,,Chase Debit Card
9/9/19,2/25/23,2023-02-25,Monday,8.71,Ride Share,,Chase Debit Card
9/10/19,2/25/23,2023-02-25,Tuesday,-78.28,Shops,Uncategorized,Chase Debit Card
9/10/19,2/25/23,2023-02-25,Tuesday,-13.6,Shops,Uncategorized,Chase Debit Card
9/10/19,2/26/23,2023-02-26,Tuesday,-10.96,Food Delivery,,M&T Debit Card
9/11/19,2/26/23,2023-02-26,Wednesday,-7.75,Ride Share,,Chase Debit Card
9/11/19,2/26/23,2023-02-26,Wednesday,-7.75,Ride Share,,Chase Debit Card
9/11/19,2/27/23,2023-02-27,Wednesday,203.92,Paycheck,,M&T Debit Card
9/12/19,2/27/23,2023-02-27,Thursday,-25,Food Delivery,Coffee Shops,Chase Debit Card
9/12/19,2/27/23,2023-02-27,Thursday,-11.37,Food Delivery,,M&T Debit Card
9/12/19,2/28/23,2023-02-28,Thursday,11.18,Shops,Uncategorized,Chase Debit Card
9/13/19,2/28/23,2023-02-28,Friday,-8.91,Food Delivery,,M&T Debit Card
9/13/19,2/28/23,2023-02-28,Friday,-7.75,Ride Share,,Chase Debit Card
9/13/19,3/3/23,2023-03-03,Friday,1.66,Shops,Uncategorized,Chase Debit Card
9/16/19,3/3/23,2023-03-03,Monday,-47.54,Food Delivery,,M&T Debit Card
9/16/19,3/3/23,2023-03-03,Monday,-38.22,Food Delivery,,M&T Debit Card
9/16/19,3/3/23,2023-03-03,Monday,-20.78,Ride Share,,Chase Debit Card
9/16/19,3/3/23,2023-03-03,Monday,-16.2,Shops,Personal Care,M&T Debit Card
9/16/19,3/3/23,2023-03-03,Monday,-10.35,Ride Share,,Chase Debit Card
9/16/19,3/3/23,2023-03-03,Monday,-9.71,Shops,Uncategorized,Chase Debit Card
9/16/19,3/3/23,2023-03-03,Monday,-8.2,Entertainment,,M&T Debit Card
9/16/19,3/4/23,2023-03-04,Monday,-7.75,Ride Share,,Chase Debit Card
9/17/19,3/4/23,2023-03-04,Tuesday,-28.87,Shops,Clothing and Accessories,M&T Debit Card
9/17/19,3/4/23,2023-03-04,Tuesday,-25,Food Delivery,Credit Card Payment,Chase Debit Card
9/17/19,3/4/23,2023-03-04,Tuesday,-19.42,Food Delivery,,Chase Debit Card
9/17/19,3/4/23,2023-03-04,Tuesday,-15,Transfer For Cash Spending,,Chase Debit Card
9/17/19,3/4/23,2023-03-04,Tuesday,-10.26,Shops,Personal Care,M&T Debit Card
9/17/19,3/5/23,2023-03-05,Tuesday,24950,Tuition,,Chase Debit Card
9/18/19,3/5/23,2023-03-05,Wednesday,-89.81,Groceries,,Chase Debit Card
9/18/19,3/5/23,2023-03-05,Wednesday,-21.24,Shops,Clothing and Accessories,Chase Debit Card
9/18/19,3/7/23,2023-03-07,Wednesday,203.92,Paycheck,,M&T Debit Card
9/20/19,3/7/23,2023-03-07,Friday,-19.96,Food Delivery,,Chase Debit Card
9/20/19,3/7/23,2023-03-07,Friday,-14.03,Shops,Uncategorized,Chase Debit Card
9/20/19,3/7/23,2023-03-07,Friday,-10.56,Ride Share,,Chase Debit Card
9/20/19,3/8/23,2023-03-08,Friday,-3,Uncategorized,,Chase Debit Card
9/21/19,3/8/23,2023-03-08,Saturday,-916.92,Shops,Electronics & Software,Chase Debit Card
9/21/19,3/8/23,2023-03-08,Saturday,-214.92,Shops,Electronics & Software,Chase Debit Card
9/21/19,3/8/23,2023-03-08,Saturday,-62.61,Shops,Electronics & Software,Chase Debit Card
9/21/19,3/8/23,2023-03-08,Saturday,-51.97,Shops,Clothing and Accessories,Chase Debit Card
9/21/19,3/8/23,2023-03-08,Saturday,-23.62,Food Delivery,,Chase Debit Card
9/21/19,3/8/23,2023-03-08,Saturday,-19.42,Shops,Uncategorized,Chase Debit Card
9/21/19,3/8/23,2023-03-08,Saturday,-11.88,Shops,Electronics & Software,Chase Debit Card
9/21/19,3/8/23,2023-03-08,Saturday,-8.63,Entertainment,,Chase Debit Card
9/21/19,3/8/23,2023-03-08,Saturday,-4.31,Shops,Uncategorized,Chase Debit Card
9/21/19,3/8/23,2023-03-08,Saturday,-3.24,Shops,Electronics & Software,Chase Debit Card
9/21/19,3/9/23,2023-03-09,Saturday,30.22,Shops,Electronics & Software,Chase Debit Card
9/22/19,3/10/23,2023-03-10,Sunday,-51.13,Food Delivery,,Chase Debit Card
9/23/19,3/10/23,2023-03-10,Monday,-31.2,Shops,Clothing and Accessories,M&T Debit Card
9/23/19,3/10/23,2023-03-10,Monday,-16.17,Food Delivery,,M&T Debit Card
9/23/19,3/10/23,2023-03-10,Monday,-15.86,Ride Share,,Chase Debit Card
9/23/19,3/10/23,2023-03-10,Monday,-12.99,Entertainment,,Chase Debit Card
9/23/19,3/10/23,2023-03-10,Monday,-12.95,Shops,Uncategorized,Chase Debit Card
9/23/19,3/10/23,2023-03-10,Monday,-11.43,Ride Share,,Chase Debit Card
9/23/19,3/10/23,2023-03-10,Monday,-10.75,Ride Share,,Chase Debit Card
9/23/19,3/10/23,2023-03-10,Monday,-5.52,Ride Share,,Chase Debit Card
9/23/19,3/10/23,2023-03-10,Monday,-0.24,Shops,Clothing and Accessories,M&T Debit Card
9/23/19,3/10/23,2023-03-10,Monday,0.06,Shops,Clothing and Accessories,M&T Debit Card
9/23/19,3/10/23,2023-03-10,Monday,0.18,Shops,Clothing and Accessories,M&T Debit Card
9/23/19,3/10/23,2023-03-10,Monday,5.05,Shops,Personal Care,M&T Debit Card
9/23/19,3/11/23,2023-03-11,Monday,31.2,Shops,Clothing and Accessories,M&T Debit Card
9/24/19,3/11/23,2023-03-11,Tuesday,-23.76,Food Delivery,,Chase Debit Card
9/24/19,3/12/23,2023-03-12,Tuesday,200,Mortgage & Mortgage & Rent,Credit Card Payment,Chase Debit Card
9/25/19,3/12/23,2023-03-12,Wednesday,-68.5,Groceries,,Chase Debit Card
9/25/19,3/12/23,2023-03-12,Wednesday,-34.93,Food Delivery,,Chase Debit Card
9/25/19,3/12/23,2023-03-12,Wednesday,-24.3,Food Delivery,,Chase Debit Card
9/25/19,3/12/23,2023-03-12,Wednesday,-12.45,Shops,Uncategorized,Chase Debit Card
9/25/19,3/12/23,2023-03-12,Wednesday,-7.75,Ride Share,,Chase Debit Card
9/25/19,3/12/23,2023-03-12,Wednesday,-2.75,Groceries,,Chase Debit Card
9/25/19,3/13/23,2023-03-13,Wednesday,203.92,Paycheck,,M&T Debit Card
9/26/19,3/13/23,2023-03-13,Thursday,-24.3,Food Delivery,,Chase Debit Card
9/26/19,3/13/23,2023-03-13,Thursday,-13.77,Shops,Uncategorized,Chase Debit Card
9/26/19,3/13/23,2023-03-13,Thursday,-6.47,Shops,Uncategorized,Chase Debit Card
9/26/19,3/13/23,2023-03-13,Thursday,-6.15,Shops,Uncategorized,Chase Debit Card
9/26/19,3/14/23,2023-03-14,Thursday,-5.82,Shops,Uncategorized,Chase Debit Card
9/27/19,3/14/23,2023-03-14,Friday,-72.53,Shops,Clothing and Accessories,Chase Debit Card
9/27/19,3/14/23,2023-03-14,Friday,-55.04,Shops,Clothing and Accessories,Chase Debit Card
9/27/19,3/14/23,2023-03-14,Friday,-27,Shops,Personal Care,Chase Debit Card
9/27/19,3/14/23,2023-03-14,Friday,-25,Food Delivery,Credit Card Payment,Chase Debit Card
9/27/19,3/14/23,2023-03-14,Friday,-11.3,Food Delivery,,M&T Debit Card
9/27/19,3/14/23,2023-03-14,Friday,-9.72,Shops,Personal Care,Chase Debit Card
9/27/19,3/15/23,2023-03-15,Friday,-6.48,Shops,Personal Care,M&T Debit Card
9/28/19,3/15/23,2023-03-15,Saturday,-32.16,Shops,Personal Care,Chase Debit Card
9/28/19,3/15/23,2023-03-15,Saturday,-5.98,Shops,Uncategorized,Chase Debit Card
9/28/19,3/17/23,2023-03-17,Saturday,-5.39,Shops,Uncategorized,Chase Debit Card
9/30/19,3/17/23,2023-03-17,Monday,-27308.44,Tuition,,Chase Debit Card
9/30/19,3/17/23,2023-03-17,Monday,-420,Mortgage & Mortgage & Rent,Mortgage & Rent,Chase Debit Card
9/30/19,3/17/23,2023-03-17,Monday,-19.35,Shops,Uncategorized,Chase Debit Card
9/30/19,3/17/23,2023-03-17,Monday,-16.14,Shops,Clothing and Accessories,Chase Debit Card
9/30/19,3/17/23,2023-03-17,Monday,-10.35,Ride Share,,Chase Debit Card
9/30/19,6/14/03,1903-06-14,Monday,-8.63,Shops,Uncategorized,Chase Debit Card